air_inflow,air_end_temp,out_pressure,motor_current,motor_rpm,motor_temp,motor_vibe,type
1.59,41.0,0.7,20.53,1680.0,58.67,2.93,0
2.97,59.28,0.7,38.4,3142.0,74.91,3.75,0
1.91,45.29,0.7,24.73,2023.0,62.48,3.12,0
2.37,51.33,0.7,30.63,2506.0,67.84,3.39,0
1.9,45.21,0.7,24.65,2017.0,62.41,3.12,0
2.22,49.34,0.7,28.69,2347.0,66.08,3.3,0
2.92,58.7,0.7,37.84,3096.0,74.4,3.72,0
3.23,62.7,0.7,41.75,3416.0,77.96,3.9,0
2.11,47.93,0.7,27.3,2234.0,64.82,3.24,0
2.88,58.08,0.7,37.23,3046.0,73.84,3.69,0
2.46,52.58,0.7,31.85,2606.0,68.96,3.45,0
1.34,37.78,0.7,17.38,1422.0,55.8,2.79,0
2.35,51.09,0.7,30.4,2487.0,67.63,3.38,0
2.57,53.99,0.7,33.23,2719.0,70.21,3.51,0
3.1,60.98,0.7,40.06,3278.0,76.42,3.82,0
2.8,57.1,0.7,36.28,2968.0,72.98,3.65,0
2.03,46.81,0.7,26.22,2145.0,63.83,3.19,0
1.33,37.55,0.7,17.16,1404.0,55.6,2.78,0
2.6,54.36,0.7,33.6,2749.0,70.54,3.53,0
2.0,46.41,0.7,25.83,2113.0,63.48,3.17,0
2.07,47.4,0.7,26.79,2192.0,64.36,3.22,0
1.78,43.58,0.7,23.05,1886.0,60.96,3.05,0
2.9,58.4,0.7,37.55,3072.0,74.13,3.71,0
2.66,55.2,0.7,34.42,2816.0,71.29,3.56,0
1.48,39.56,0.7,19.13,1565.0,57.39,2.87,0
3.08,60.83,0.7,39.92,3266.0,76.29,3.81,0
1.43,38.86,0.7,18.44,1509.0,56.77,2.84,0
2.56,53.85,0.7,33.1,2708.0,70.09,3.5,0
1.54,40.4,0.7,19.95,1632.0,58.13,2.91,0
1.96,45.98,0.7,25.4,2078.0,63.09,3.15,0
1.78,43.53,0.7,23.0,1882.0,60.91,3.05,0
3.02,59.93,0.7,39.04,3194.0,75.49,3.77,0
2.5,53.06,0.7,32.33,2645.0,69.39,3.47,0
1.58,40.96,0.7,20.5,1677.0,58.63,2.93,0
1.74,43.01,0.7,22.5,1841.0,60.46,3.02,0
3.29,63.56,0.7,42.59,3485.0,78.72,3.94,0
1.39,38.43,0.7,18.02,1474.0,56.38,2.82,0
2.45,52.46,0.7,31.74,2597.0,68.86,3.44,0
2.16,48.54,0.7,27.9,2283.0,65.37,3.27,0
2.35,51.1,0.7,30.41,2488.0,67.64,3.38,0
3.17,61.99,0.7,41.05,3359.0,77.32,3.87,0
1.48,39.53,0.7,19.09,1562.0,57.36,2.87,0
2.08,47.51,0.7,26.9,2201.0,64.46,3.22,0
1.27,36.85,0.7,16.48,1348.0,54.98,2.75,0
1.72,42.78,0.7,22.27,1822.0,60.24,3.01,0
3.23,62.69,0.7,41.74,3415.0,77.94,3.9,0
1.63,41.51,0.7,21.03,1721.0,59.12,2.96,0
3.17,61.95,0.7,41.02,3356.0,77.29,3.86,0
1.88,44.88,0.7,24.32,1990.0,62.11,3.11,0
1.91,45.33,0.7,24.76,2026.0,62.51,3.13,0
1.91,45.29,0.7,24.73,2023.0,62.48,3.12,0
3.06,60.48,0.7,39.58,3238.0,75.98,3.8,0
1.29,37.03,0.7,16.65,1362.0,55.13,2.76,0
3.2,62.35,0.7,41.41,3388.0,77.64,3.88,0
1.98,46.16,0.7,25.58,2093.0,63.26,3.16,0
2.88,58.08,0.7,37.23,3046.0,73.84,3.69,0
2.79,56.95,0.7,36.13,2956.0,72.84,3.64,0
1.55,40.54,0.7,20.08,1643.0,58.26,2.91,0
2.9,58.4,0.7,37.55,3072.0,74.13,3.71,0
2.22,49.43,0.7,28.77,2354.0,66.16,3.31,0
1.97,46.01,0.7,25.43,2081.0,63.12,3.16,0
3.17,62.01,0.7,41.08,3361.0,77.34,3.87,0
1.43,38.96,0.7,18.54,1517.0,56.86,2.84,0
1.5,39.88,0.7,19.43,1590.0,57.67,2.88,0
2.61,54.54,0.7,33.77,2763.0,70.7,3.54,0
1.28,36.95,0.7,16.57,1356.0,55.07,2.75,0
2.29,50.35,0.7,29.68,2428.0,66.98,3.35,0
1.34,37.75,0.7,17.36,1420.0,55.78,2.79,0
1.78,43.5,0.7,22.98,1880.0,60.89,3.04,0
1.67,42.06,0.7,21.57,1765.0,59.61,2.98,0
1.2,35.83,0.7,15.47,1266.0,54.07,2.7,0
2.26,49.91,0.7,29.25,2393.0,66.59,3.33,0
2.68,55.5,0.7,34.71,2840.0,71.56,3.58,0
1.93,45.55,0.7,24.98,2044.0,62.71,3.14,0
3.3,63.66,0.7,42.69,3493.0,78.81,3.94,0
1.87,44.73,0.7,24.18,1978.0,61.98,3.1,0
3.36,64.49,0.7,43.5,3559.0,79.54,3.98,0
2.02,46.78,0.7,26.18,2142.0,63.8,3.19,0
2.82,57.36,0.7,36.53,2989.0,73.21,3.66,0
1.42,38.78,0.7,18.36,1502.0,56.69,2.83,0
2.58,54.15,0.7,33.39,2732.0,70.36,3.52,0
2.13,48.13,0.7,27.5,2250.0,65.0,3.25,0
2.14,48.29,0.7,27.66,2263.0,65.14,3.26,0
3.24,62.83,0.7,41.87,3426.0,78.07,3.9,0
1.74,43.04,0.7,22.53,1843.0,60.48,3.02,0
2.95,59.06,0.7,38.19,3125.0,74.72,3.74,0
3.31,63.76,0.7,42.79,3501.0,78.9,3.95,0
1.68,42.26,0.7,21.77,1781.0,59.79,2.99,0
2.77,56.65,0.7,35.84,2932.0,72.58,3.63,0
1.36,37.95,0.7,17.55,1436.0,55.96,2.8,0
1.25,36.55,0.7,16.18,1324.0,54.71,2.74,0
2.63,54.76,0.7,33.99,2781.0,70.9,3.55,0
2.27,50.01,0.7,29.35,2401.0,66.68,3.33,0
3.12,61.3,0.7,40.38,3304.0,76.71,3.84,0
1.19,35.76,0.7,15.41,1261.0,54.01,2.7,0
1.87,44.73,0.7,24.18,1978.0,61.98,3.1,0
2.25,49.78,0.7,29.11,2382.0,66.47,3.32,0
3.12,61.31,0.7,40.39,3305.0,76.72,3.84,0
2.94,58.94,0.7,38.07,3115.0,74.61,3.73,0
3.29,63.54,0.7,42.57,3483.0,78.7,3.94,0
1.2,35.91,0.7,15.56,1273.0,54.14,2.71,0
2.71,55.85,0.7,35.05,2868.0,71.87,3.59,0
2.57,54.04,0.7,33.28,2723.0,70.26,3.51,0
1.87,44.74,0.7,24.19,1979.0,61.99,3.1,0
2.96,59.23,0.7,38.35,3138.0,74.87,3.74,0
1.83,44.16,0.7,23.63,1933.0,61.48,3.07,0
1.22,36.14,0.7,15.78,1291.0,54.34,2.72,0
2.94,58.85,0.7,37.99,3108.0,74.53,3.73,0
2.57,53.95,0.7,33.2,2716.0,70.18,3.51,0
2.33,50.89,0.7,30.2,2471.0,67.46,3.37,0
2.45,52.48,0.7,31.75,2598.0,68.87,3.44,0
3.3,63.69,0.7,42.72,3495.0,78.83,3.94,0
2.68,55.45,0.7,34.66,2836.0,71.51,3.58,0
2.55,53.71,0.7,32.96,2697.0,69.97,3.5,0
3.29,63.6,0.7,42.63,3488.0,78.76,3.94,0
2.15,48.45,0.7,27.82,2276.0,65.29,3.26,0
1.25,36.59,0.7,16.22,1327.0,54.74,2.74,0
2.91,58.46,0.7,37.61,3077.0,74.19,3.71,0
2.9,58.39,0.7,37.53,3071.0,74.12,3.71,0
2.14,48.33,0.7,27.7,2266.0,65.18,3.26,0
1.84,44.41,0.7,23.87,1953.0,61.7,3.09,0
1.4,38.5,0.7,18.09,1480.0,56.44,2.82,0
1.76,43.3,0.7,22.78,1864.0,60.71,3.04,0
3.36,64.5,0.7,43.51,3560.0,79.56,3.98,0
1.65,41.83,0.7,21.34,1746.0,59.4,2.97,0
3.37,64.54,0.7,43.55,3563.0,79.59,3.98,0
1.97,46.14,0.7,25.56,2091.0,63.23,3.16,0
2.29,50.34,0.7,29.66,2427.0,66.97,3.35,0
2.46,52.58,0.7,31.85,2606.0,68.96,3.45,0
1.65,41.9,0.7,21.41,1752.0,59.47,2.97,0
2.54,53.61,0.7,32.87,2689.0,69.88,3.49,0
3.25,63.04,0.7,42.08,3443.0,78.26,3.91,0
1.86,44.58,0.7,24.03,1966.0,61.84,3.09,0
2.66,55.2,0.7,34.42,2816.0,71.29,3.56,0
1.71,42.64,0.7,22.13,1811.0,60.12,3.01,0
2.35,51.11,0.7,30.42,2489.0,67.66,3.38,0
2.57,54.0,0.7,33.24,2720.0,70.22,3.51,0
1.22,36.15,0.7,15.79,1292.0,54.36,2.72,0
2.96,59.24,0.7,38.37,3139.0,74.88,3.74,0
1.77,43.4,0.7,22.88,1872.0,60.8,3.04,0
2.2,49.11,0.7,28.47,2329.0,65.88,3.29,0
3.16,61.81,0.7,40.88,3345.0,77.17,3.86,0
2.07,47.46,0.7,26.85,2197.0,64.41,3.22,0
2.84,57.54,0.7,36.7,3003.0,73.37,3.67,0
1.8,43.88,0.7,23.34,1910.0,61.22,3.06,0
2.47,52.69,0.7,31.96,2615.0,69.06,3.45,0
1.81,44.0,0.7,23.47,1920.0,61.33,3.07,0
1.81,43.94,0.7,23.41,1915.0,61.28,3.06,0
1.37,38.09,0.7,17.69,1447.0,56.08,2.8,0
3.02,59.91,0.7,39.03,3193.0,75.48,3.77,0
1.97,46.1,0.7,25.52,2088.0,63.2,3.16,0
3.24,62.85,0.7,41.9,3428.0,78.09,3.9,0
3.13,61.45,0.7,40.53,3316.0,76.84,3.84,0
1.79,43.66,0.7,23.14,1893.0,61.03,3.05,0
1.15,35.24,0.7,14.9,1219.0,53.54,2.68,0
1.78,43.61,0.7,23.09,1889.0,60.99,3.05,0
3.13,61.39,0.7,40.47,3311.0,76.79,3.84,0
1.97,46.14,0.7,25.56,2091.0,63.23,3.16,0
3.13,61.46,0.7,40.54,3317.0,76.86,3.84,0
2.14,48.36,0.7,27.73,2269.0,65.21,3.26,0
2.88,58.16,0.7,37.31,3053.0,73.92,3.7,0
3.15,61.66,0.7,40.74,3333.0,77.03,3.85,0
2.71,55.83,0.7,35.03,2866.0,71.84,3.59,0
3.27,63.25,0.7,42.29,3460.0,78.44,3.92,0
1.64,41.71,0.7,21.23,1737.0,59.3,2.97,0
2.17,48.74,0.7,28.1,2299.0,65.54,3.28,0
2.11,47.96,0.7,27.34,2237.0,64.86,3.24,0
3.09,60.88,0.7,39.97,3270.0,76.33,3.82,0
2.09,47.66,0.7,27.05,2213.0,64.59,3.23,0
2.14,48.26,0.7,27.63,2261.0,65.12,3.26,0
2.58,54.11,0.7,33.35,2729.0,70.32,3.52,0
2.18,48.83,0.7,28.18,2306.0,65.62,3.28,0
1.44,39.08,0.7,18.65,1526.0,56.96,2.85,0
1.32,37.45,0.7,17.06,1396.0,55.51,2.78,0
1.19,35.74,0.7,15.39,1259.0,53.99,2.7,0
1.17,35.54,0.7,15.19,1243.0,53.81,2.69,0
2.19,48.96,0.7,28.32,2317.0,65.74,3.29,0
3.31,63.84,0.7,42.86,3507.0,78.97,3.95,0
2.77,56.6,0.7,35.79,2928.0,72.53,3.63,0
3.07,60.59,0.7,39.69,3247.0,76.08,3.8,0
2.27,49.99,0.7,29.32,2399.0,66.66,3.33,0
3.02,59.91,0.7,39.03,3193.0,75.48,3.77,0
2.27,50.03,0.7,29.36,2402.0,66.69,3.33,0
1.62,41.39,0.7,20.91,1711.0,59.01,2.95,0
1.69,42.36,0.7,21.87,1789.0,59.88,2.99,0
2.65,55.06,0.7,34.28,2805.0,71.17,3.56,0
3.3,63.66,0.7,42.69,3493.0,78.81,3.94,0
2.19,49.03,0.7,28.38,2322.0,65.8,3.29,0
2.38,51.54,0.7,30.84,2523.0,68.03,3.4,0
1.29,37.09,0.7,16.71,1367.0,55.19,2.76,0
1.76,43.28,0.7,22.76,1862.0,60.69,3.03,0
2.59,54.23,0.7,33.46,2738.0,70.42,3.52,0
2.28,50.19,0.7,29.52,2415.0,66.83,3.34,0
2.94,58.93,0.7,38.06,3114.0,74.6,3.73,0
2.28,50.2,0.7,29.53,2416.0,66.84,3.34,0
3.15,61.69,0.7,40.76,3335.0,77.06,3.85,0
2.29,50.29,0.7,29.61,2423.0,66.92,3.35,0
2.38,51.56,0.7,30.86,2525.0,68.06,3.4,0
3.33,64.01,0.7,43.03,3521.0,79.12,3.96,0
2.69,55.65,0.7,34.86,2852.0,71.69,3.58,0
2.15,48.4,0.7,27.77,2272.0,65.24,3.26,0
2.68,55.46,0.7,34.67,2837.0,71.52,3.58,0
1.57,40.79,0.7,20.33,1663.0,58.48,2.92,0
1.66,41.96,0.7,21.47,1757.0,59.52,2.98,0
2.9,58.4,0.7,37.55,3072.0,74.13,3.71,0
1.34,37.68,0.7,17.28,1414.0,55.71,2.79,0
2.8,57.1,0.7,36.28,2968.0,72.98,3.65,0
2.18,48.85,0.7,28.21,2308.0,65.64,3.28,0
3.26,63.21,0.7,42.25,3457.0,78.41,3.92,0
2.7,55.68,0.7,34.88,2854.0,71.71,3.59,0
2.11,47.91,0.7,27.29,2233.0,64.81,3.24,0
1.22,36.16,0.7,15.8,1293.0,54.37,2.72,0
2.22,49.38,0.7,28.72,2350.0,66.11,3.31,0
1.22,36.2,0.7,15.84,1296.0,54.4,2.72,0
3.29,63.6,0.7,42.63,3488.0,78.76,3.94,0
2.51,53.26,0.7,32.52,2661.0,69.57,3.48,0
1.63,41.53,0.7,21.05,1722.0,59.13,2.96,0
1.88,44.83,0.7,24.27,1986.0,62.07,3.1,0
2.38,51.5,0.7,30.8,2520.0,68.0,3.4,0
2.02,46.7,0.7,26.11,2136.0,63.73,3.19,0
1.57,40.78,0.7,20.31,1662.0,58.47,2.92,0
2.21,49.31,0.7,28.66,2345.0,66.06,3.3,0
1.45,39.23,0.7,18.8,1538.0,57.09,2.85,0
1.5,39.84,0.7,19.4,1587.0,57.63,2.88,0
2.21,49.24,0.7,28.59,2339.0,65.99,3.3,0
1.43,38.9,0.7,18.48,1512.0,56.8,2.84,0
1.8,43.79,0.7,23.26,1903.0,61.14,3.06,0
1.47,39.41,0.7,18.98,1553.0,57.26,2.86,0
2.02,46.71,0.7,26.12,2137.0,63.74,3.19,0
1.24,36.46,0.7,16.1,1317.0,54.63,2.73,0
2.68,55.43,0.7,34.64,2834.0,71.49,3.57,0
2.12,48.01,0.7,27.39,2241.0,64.9,3.25,0
1.46,39.33,0.7,18.9,1546.0,57.18,2.86,0
2.24,49.64,0.7,28.98,2371.0,66.34,3.32,0
3.08,60.8,0.7,39.89,3264.0,76.27,3.81,0
3.25,63.03,0.7,42.07,3442.0,78.24,3.91,0
2.67,55.29,0.7,34.5,2823.0,71.37,3.57,0
2.08,47.49,0.7,26.88,2199.0,64.43,3.22,0
3.1,61.09,0.7,40.17,3287.0,76.52,3.83,0
2.41,51.96,0.7,31.25,2557.0,68.41,3.42,0
2.73,56.18,0.7,35.37,2894.0,72.16,3.61,0
2.53,53.5,0.7,32.76,2680.0,69.78,3.49,0
1.56,40.71,0.7,20.25,1657.0,58.41,2.92,0
1.54,40.44,0.7,19.98,1635.0,58.17,2.91,0
2.35,51.08,0.7,30.38,2486.0,67.62,3.38,0
2.41,51.89,0.7,31.18,2551.0,68.34,3.42,0
3.1,61.0,0.7,40.09,3280.0,76.44,3.82,0
3.28,63.46,0.7,42.5,3477.0,78.63,3.93,0
2.77,56.71,0.7,35.9,2937.0,72.63,3.63,0
1.82,44.08,0.7,23.54,1926.0,61.4,3.07,0
1.58,40.88,0.7,20.41,1670.0,58.56,2.93,0
2.01,46.55,0.7,25.96,2124.0,63.6,3.18,0
2.88,58.11,0.7,37.27,3049.0,73.88,3.69,0
2.62,54.64,0.7,33.87,2771.0,70.79,3.54,0
1.95,45.78,0.7,25.2,2062.0,62.91,3.15,0
3.24,62.93,0.7,41.97,3434.0,78.16,3.91,0
1.4,38.51,0.7,18.1,1481.0,56.46,2.82,0
3.05,60.33,0.7,39.43,3226.0,75.84,3.79,0
2.29,50.36,0.7,29.69,2429.0,66.99,3.35,0
2.51,53.26,0.7,32.52,2661.0,69.57,3.48,0
2.46,52.5,0.7,31.78,2600.0,68.89,3.44,0
1.38,38.31,0.7,17.91,1465.0,56.28,2.81,0
1.57,40.83,0.7,20.36,1666.0,58.51,2.93,0
2.05,47.16,0.7,26.56,2173.0,64.14,3.21,0
2.4,51.81,0.7,31.11,2545.0,68.28,3.41,0
3.24,62.94,0.7,41.98,3435.0,78.17,3.91,0
1.23,36.34,0.7,15.97,1307.0,54.52,2.73,0
2.88,58.06,0.7,37.22,3045.0,73.83,3.69,0
1.76,43.24,0.7,22.72,1859.0,60.66,3.03,0
2.97,59.25,0.7,38.38,3140.0,74.89,3.74,0
1.26,36.74,0.7,16.37,1339.0,54.88,2.74,0
2.85,57.71,0.7,36.87,3017.0,73.52,3.68,0
1.29,37.01,0.7,16.63,1361.0,55.12,2.76,0
2.98,59.45,0.7,38.57,3156.0,75.07,3.75,0
2.79,56.95,0.7,36.13,2956.0,72.84,3.64,0
1.58,40.95,0.7,20.48,1676.0,58.62,2.93,0
2.65,55.11,0.7,34.33,2809.0,71.21,3.56,0
3.35,64.35,0.7,43.36,3548.0,79.42,3.97,0
1.5,39.83,0.7,19.38,1586.0,57.62,2.88,0
1.41,38.73,0.7,18.31,1498.0,56.64,2.83,0
2.04,47.05,0.7,26.45,2164.0,64.04,3.2,0
2.81,57.14,0.7,36.31,2971.0,73.01,3.65,0
2.65,55.08,0.7,34.3,2806.0,71.18,3.56,0
2.84,57.56,0.7,36.73,3005.0,73.39,3.67,0
1.87,44.81,0.7,24.26,1985.0,62.06,3.1,0
2.7,55.75,0.7,34.96,2860.0,71.78,3.59,0
2.4,51.71,0.7,31.01,2537.0,68.19,3.41,0
2.85,57.78,0.7,36.94,3022.0,73.58,3.68,0
2.58,54.18,0.7,33.42,2734.0,70.38,3.52,0
2.42,51.99,0.7,31.28,2559.0,68.43,3.42,0
2.83,57.46,0.7,36.63,2997.0,73.3,3.67,0
2.06,47.26,0.7,26.66,2181.0,64.23,3.21,0
2.96,59.24,0.7,38.37,3139.0,74.88,3.74,0
1.75,43.23,0.7,22.71,1858.0,60.64,3.03,0
2.86,57.91,0.7,37.07,3033.0,73.7,3.69,0
2.97,59.36,0.7,38.49,3149.0,74.99,3.75,0
3.03,60.06,0.7,39.17,3205.0,75.61,3.78,0
3.25,63.05,0.7,42.09,3444.0,78.27,3.91,0
2.92,58.59,0.7,37.73,3087.0,74.3,3.72,0
3.08,60.71,0.7,39.81,3257.0,76.19,3.81,0
1.62,41.44,0.7,20.96,1715.0,59.06,2.95,0
2.63,54.75,0.7,33.98,2780.0,70.89,3.54,0
2.14,48.39,0.7,27.76,2271.0,65.23,3.26,0
2.64,54.9,0.7,34.12,2792.0,71.02,3.55,0
3.36,64.5,0.7,43.51,3560.0,79.56,3.98,0
1.97,46.01,0.7,25.43,2081.0,63.12,3.16,0
2.03,46.81,0.7,26.22,2145.0,63.83,3.19,0
2.87,58.01,0.7,37.17,3041.0,73.79,3.69,0
1.31,37.34,0.7,16.95,1387.0,55.41,2.77,0
1.98,46.21,0.7,25.63,2097.0,63.3,3.17,0
2.86,57.89,0.7,37.05,3031.0,73.68,3.68,0
2.21,49.21,0.7,28.56,2337.0,65.97,3.3,0
1.47,39.45,0.7,19.02,1556.0,57.29,2.86,0
1.51,40.05,0.7,19.6,1604.0,57.82,2.89,0
1.17,35.49,0.7,15.14,1239.0,53.77,2.69,0
3.15,61.68,0.7,40.75,3334.0,77.04,3.85,0
2.9,58.38,0.7,37.52,3070.0,74.11,3.71,0
3.25,63.08,0.7,42.12,3446.0,78.29,3.91,0
2.61,54.51,0.7,33.75,2761.0,70.68,3.53,0
3.15,61.63,0.7,40.7,3330.0,77.0,3.85,0
2.28,50.18,0.7,29.5,2414.0,66.82,3.34,0
2.02,46.78,0.7,26.18,2142.0,63.8,3.19,0
1.97,46.03,0.7,25.45,2082.0,63.13,3.16,0
1.26,36.74,0.7,16.37,1339.0,54.88,2.74,0
1.32,37.51,0.7,17.12,1401.0,55.57,2.78,0
2.08,47.54,0.7,26.93,2203.0,64.48,3.22,0
1.51,40.0,0.7,19.56,1600.0,57.78,2.89,0
3.22,62.66,0.7,41.71,3413.0,77.92,3.9,0
3.14,61.5,0.7,40.58,3320.0,76.89,3.84,0
1.57,40.73,0.7,20.26,1658.0,58.42,2.92,0
1.46,39.3,0.7,18.87,1544.0,57.16,2.86,0
2.42,51.98,0.7,31.26,2558.0,68.42,3.42,0
3.19,62.24,0.7,41.3,3379.0,77.54,3.88,0
1.89,45.05,0.7,24.49,2004.0,62.27,3.11,0
1.96,45.98,0.7,25.4,2078.0,63.09,3.15,0
3.08,60.7,0.7,39.8,3256.0,76.18,3.81,0
2.32,50.7,0.7,30.02,2456.0,67.29,3.36,0
2.51,53.25,0.7,32.51,2660.0,69.56,3.48,0
1.53,40.28,0.7,19.82,1622.0,58.02,2.9,0
3.24,62.85,0.7,41.9,3428.0,78.09,3.9,0
2.13,48.2,0.7,27.57,2256.0,65.07,3.25,0
1.14,35.13,0.7,14.79,1210.0,53.44,2.67,0
1.72,42.7,0.7,22.2,1816.0,60.18,3.01,0
2.67,55.31,0.7,34.53,2825.0,71.39,3.57,0
2.51,53.16,0.7,32.43,2653.0,69.48,3.47,0
3.31,63.86,0.7,42.89,3509.0,78.99,3.95,0
1.28,36.98,0.7,16.6,1358.0,55.09,2.75,0
3.25,62.95,0.7,42.0,3436.0,78.18,3.91,0
1.67,42.13,0.7,21.63,1770.0,59.67,2.98,0
3.28,63.44,0.7,42.47,3475.0,78.61,3.93,0
1.15,35.19,0.7,14.85,1215.0,53.5,2.68,0
3.35,64.35,0.7,43.36,3548.0,79.42,3.97,0
2.19,49.0,0.7,28.36,2320.0,65.78,3.29,0
2.75,56.43,0.7,35.62,2914.0,72.38,3.62,0
3.08,60.71,0.7,39.81,3257.0,76.19,3.81,0
2.42,52.09,0.7,31.37,2567.0,68.52,3.43,0
1.81,43.96,0.7,23.43,1917.0,61.3,3.07,0
1.68,42.3,0.7,21.8,1784.0,59.82,2.99,0
1.48,39.56,0.7,19.13,1565.0,57.39,2.87,0
1.68,42.25,0.7,21.76,1780.0,59.78,2.99,0
2.36,51.2,0.7,30.51,2496.0,67.73,3.39,0
3.31,63.86,0.7,42.89,3509.0,78.99,3.95,0
1.57,40.74,0.7,20.28,1659.0,58.43,2.92,0
3.05,60.38,0.7,39.48,3230.0,75.89,3.79,0
3.23,62.69,0.7,41.74,3415.0,77.94,3.9,0
2.61,54.49,0.7,33.72,2759.0,70.66,3.53,0
1.51,39.98,0.7,19.53,1598.0,57.76,2.89,0
2.3,50.41,0.7,29.74,2433.0,67.03,3.35,0
2.69,55.65,0.7,34.86,2852.0,71.69,3.58,0
1.77,43.43,0.7,22.9,1874.0,60.82,3.04,0
2.85,57.68,0.7,36.84,3014.0,73.49,3.67,0
3.32,63.88,0.7,42.9,3510.0,79.0,3.95,0
2.27,50.09,0.7,29.42,2407.0,66.74,3.34,0
1.6,41.13,0.7,20.66,1690.0,58.78,2.94,0
1.54,40.35,0.7,19.9,1628.0,58.09,2.9,0
2.9,58.43,0.7,37.57,3074.0,74.16,3.71,0
3.35,64.28,0.7,43.29,3542.0,79.36,3.97,0
1.75,43.15,0.7,22.64,1852.0,60.58,3.03,0
2.24,49.69,0.7,29.03,2375.0,66.39,3.32,0
3.16,61.85,0.7,40.92,3348.0,77.2,3.86,0
1.72,42.81,0.7,22.31,1825.0,60.28,3.01,0
1.66,41.95,0.7,21.46,1756.0,59.51,2.98,0
2.12,48.1,0.7,27.48,2248.0,64.98,3.25,0
2.2,49.13,0.7,28.48,2330.0,65.89,3.29,0
1.41,38.7,0.7,18.28,1496.0,56.62,2.83,0
1.17,35.51,0.7,15.17,1241.0,53.79,2.69,0
3.03,60.1,0.7,39.21,3208.0,75.64,3.78,0
2.41,51.94,0.7,31.23,2555.0,68.39,3.42,0
2.14,48.36,0.7,27.73,2269.0,65.21,3.26,0
1.44,39.0,0.7,18.58,1520.0,56.89,2.84,0
3.22,62.58,0.7,41.63,3406.0,77.84,3.89,0
1.63,41.51,0.7,21.03,1721.0,59.12,2.96,0
3.31,63.75,0.7,42.78,3500.0,78.89,3.94,0
1.35,37.83,0.7,17.43,1426.0,55.84,2.79,0
2.68,55.48,0.7,34.69,2838.0,71.53,3.58,0
1.14,35.09,0.7,14.75,1207.0,53.41,2.67,0
2.38,51.55,0.7,30.85,2524.0,68.04,3.4,0
3.25,63.04,0.7,42.08,3443.0,78.26,3.91,0
1.82,44.09,0.7,23.55,1927.0,61.41,3.07,0
3.0,59.75,0.7,38.87,3180.0,75.33,3.77,0
3.15,61.64,0.7,40.71,3331.0,77.01,3.85,0
1.47,39.49,0.7,19.05,1559.0,57.32,2.87,0
2.7,55.76,0.7,34.97,2861.0,71.79,3.59,0
2.36,51.24,0.7,30.54,2499.0,67.77,3.39,0
1.69,42.4,0.7,21.9,1792.0,59.91,3.0,0
2.59,54.3,0.7,33.54,2744.0,70.49,3.52,0
2.84,57.64,0.7,36.8,3011.0,73.46,3.67,0
2.71,55.93,0.7,35.13,2874.0,71.93,3.6,0
1.93,45.55,0.7,24.98,2044.0,62.71,3.14,0
1.17,35.43,0.7,15.08,1234.0,53.71,2.69,0
2.59,54.34,0.7,33.57,2747.0,70.52,3.53,0
1.59,41.03,0.7,20.56,1682.0,58.69,2.93,0
2.14,48.39,0.7,27.76,2271.0,65.23,3.26,0
2.61,54.5,0.7,33.73,2760.0,70.67,3.53,0
2.53,53.55,0.7,32.8,2684.0,69.82,3.49,0
3.3,63.7,0.7,42.73,3496.0,78.84,3.94,0
2.56,53.86,0.7,33.11,2709.0,70.1,3.51,0
3.31,63.76,0.7,42.79,3501.0,78.9,3.95,0
2.33,50.88,0.7,30.19,2470.0,67.44,3.37,0
1.47,39.49,0.7,19.05,1559.0,57.32,2.87,0
3.08,60.79,0.7,39.88,3263.0,76.26,3.81,0
1.28,36.98,0.7,16.6,1358.0,55.09,2.75,0
2.07,47.34,0.7,26.73,2187.0,64.3,3.22,0
2.64,55.0,0.7,34.22,2800.0,71.11,3.56,0
1.5,39.84,0.7,19.4,1587.0,57.63,2.88,0
2.81,57.13,0.7,36.3,2970.0,73.0,3.65,0
2.09,47.71,0.7,27.1,2217.0,64.63,3.23,0
1.32,37.49,0.7,17.1,1399.0,55.54,2.78,0
1.8,43.85,0.7,23.32,1908.0,61.2,3.06,0
2.79,56.99,0.7,36.17,2959.0,72.88,3.64,0
2.25,49.79,0.7,29.13,2383.0,66.48,3.32,0
1.52,40.15,0.7,19.7,1612.0,57.91,2.9,0
1.73,55.16,0.7,25.6,2973.0,71.03,3.45,1
1.31,46.05,0.7,19.32,2244.0,62.93,3.05,1
1.33,46.59,0.7,19.69,2287.0,63.41,3.07,1
1.87,58.0,0.7,27.56,3200.0,73.56,3.58,1
1.68,53.98,0.7,24.78,2878.0,69.98,3.4,1
1.8,56.55,0.7,26.56,3084.0,72.27,3.51,1
1.16,42.83,0.7,17.1,1986.0,60.07,2.9,1
1.08,41.14,0.7,15.94,1851.0,58.57,2.83,1
1.66,53.55,0.7,24.49,2844.0,69.6,3.38,1
0.88,36.81,0.7,12.96,1505.0,54.72,2.64,1
1.19,43.46,0.7,17.54,2037.0,60.63,2.93,1
1.41,48.23,0.7,20.82,2418.0,64.87,3.14,1
1.42,48.53,0.7,21.03,2442.0,65.13,3.16,1
1.19,43.59,0.7,17.63,2047.0,60.74,2.94,1
1.99,60.61,0.7,29.36,3409.0,75.88,3.69,1
1.28,45.46,0.7,18.92,2197.0,62.41,3.02,1
0.73,33.74,0.7,10.84,1259.0,51.99,2.5,1
1.04,40.35,0.7,15.4,1788.0,57.87,2.79,1
1.63,52.88,0.7,24.03,2790.0,69.0,3.35,1
0.76,34.23,0.7,11.18,1298.0,52.42,2.52,1
1.73,55.0,0.7,25.49,2960.0,70.89,3.44,1
1.78,56.09,0.7,26.24,3047.0,71.86,3.49,1
1.8,56.61,0.7,26.6,3089.0,72.32,3.52,1
1.44,48.8,0.7,21.22,2464.0,65.38,3.17,1
1.89,58.53,0.7,27.92,3242.0,74.02,3.6,1
1.58,51.78,0.7,23.27,2702.0,68.02,3.3,1
2.01,61.0,0.7,29.62,3440.0,76.22,3.71,1
1.01,39.61,0.7,14.89,1729.0,57.21,2.76,1
1.8,56.55,0.7,26.56,3084.0,72.27,3.51,1
1.83,57.21,0.7,27.01,3137.0,72.86,3.54,1
1.28,45.48,0.7,18.93,2198.0,62.42,3.02,1
0.73,33.6,0.7,10.75,1248.0,51.87,2.49,1
0.83,35.78,0.7,12.25,1422.0,53.8,2.59,1
1.71,54.58,0.7,25.2,2926.0,70.51,3.43,1
1.21,43.86,0.7,17.82,2069.0,60.99,2.95,1
1.7,54.43,0.7,25.09,2914.0,70.38,3.42,1
1.22,44.08,0.7,17.96,2086.0,61.18,2.96,1
1.76,55.8,0.7,26.04,3024.0,71.6,3.48,1
1.29,45.73,0.7,19.1,2218.0,62.64,3.03,1
1.83,57.11,0.7,26.94,3129.0,72.77,3.54,1
0.78,34.66,0.7,11.48,1333.0,52.81,2.54,1
0.75,34.11,0.7,11.1,1289.0,52.32,2.52,1
1.71,54.68,0.7,25.27,2934.0,70.6,3.43,1
1.57,51.54,0.7,23.1,2683.0,67.81,3.29,1
1.6,52.2,0.7,23.56,2736.0,68.4,3.32,1
0.75,33.98,0.7,11.01,1278.0,52.2,2.51,1
1.26,45.08,0.7,18.65,2166.0,62.07,3.0,1
0.96,38.68,0.7,14.24,1654.0,56.38,2.72,1
0.87,36.69,0.7,12.87,1495.0,54.61,2.63,1
1.38,47.64,0.7,20.42,2371.0,64.34,3.12,1
1.36,47.06,0.7,20.02,2325.0,63.83,3.09,1
0.8,35.15,0.7,11.81,1372.0,53.24,2.56,1
1.77,56.01,0.7,26.19,3041.0,71.79,3.49,1
1.56,51.41,0.7,23.02,2673.0,67.7,3.29,1
1.86,57.78,0.7,27.4,3182.0,73.36,3.57,1
1.69,54.15,0.7,24.9,2892.0,70.13,3.41,1
1.98,60.45,0.7,29.24,3396.0,75.73,3.69,1
1.88,58.26,0.7,27.74,3221.0,73.79,3.59,1
0.98,38.99,0.7,14.46,1679.0,56.66,2.73,1
0.81,35.28,0.7,11.9,1382.0,53.36,2.57,1
1.31,46.03,0.7,19.31,2242.0,62.91,3.05,1
1.07,40.83,0.7,15.72,1826.0,58.29,2.81,1
0.97,38.76,0.7,14.3,1661.0,56.46,2.72,1
0.95,38.28,0.7,13.97,1622.0,56.02,2.7,1
1.24,44.51,0.7,18.26,2121.0,61.57,2.98,1
1.84,57.39,0.7,27.13,3151.0,73.01,3.55,1
1.48,49.7,0.7,21.84,2536.0,66.18,3.21,1
1.33,46.5,0.7,19.63,2280.0,63.33,3.07,1
1.07,40.96,0.7,15.82,1837.0,58.41,2.82,1
0.82,35.51,0.7,12.06,1401.0,53.57,2.58,1
1.29,45.6,0.7,19.01,2208.0,62.53,3.03,1
2.03,61.53,0.7,29.98,3482.0,76.69,3.73,1
1.33,46.45,0.7,19.6,2276.0,63.29,3.06,1
2.04,61.64,0.7,30.06,3491.0,76.79,3.74,1
0.97,38.84,0.7,14.35,1667.0,56.52,2.73,1
0.79,34.93,0.7,11.66,1354.0,53.04,2.55,1
1.49,49.88,0.7,21.96,2550.0,66.33,3.22,1
0.84,36.05,0.7,12.43,1444.0,54.04,2.6,1
2.03,61.49,0.7,29.96,3479.0,76.66,3.73,1
1.64,53.19,0.7,24.24,2815.0,69.28,3.36,1
1.06,40.79,0.7,15.7,1823.0,58.26,2.81,1
1.11,41.69,0.7,16.32,1895.0,59.06,2.85,1
1.72,54.86,0.7,25.39,2949.0,70.77,3.44,1
1.45,48.99,0.7,21.35,2479.0,65.54,3.18,1
1.54,50.99,0.7,22.72,2639.0,67.32,3.27,1
0.87,36.54,0.7,12.77,1483.0,54.48,2.62,1
0.73,33.55,0.7,10.71,1244.0,51.82,2.49,1
1.24,44.64,0.7,18.35,2131.0,61.68,2.98,1
1.61,52.43,0.7,23.72,2754.0,68.6,3.33,1
1.06,40.8,0.7,15.71,1824.0,58.27,2.81,1
1.78,56.2,0.7,26.32,3056.0,71.96,3.5,1
1.1,41.51,0.7,16.2,1881.0,58.9,2.85,1
1.14,42.53,0.7,16.9,1962.0,59.8,2.89,1
1.89,58.51,0.7,27.91,3241.0,74.01,3.6,1
1.84,57.43,0.7,27.16,3154.0,73.04,3.55,1
1.65,53.31,0.7,24.33,2825.0,69.39,3.37,1
1.27,45.2,0.7,18.74,2176.0,62.18,3.01,1
1.91,58.98,0.7,28.23,3278.0,74.42,3.62,1
1.1,41.65,0.7,16.29,1892.0,59.02,2.85,1
1.7,54.35,0.7,25.04,2908.0,70.31,3.42,1
1.34,46.71,0.7,19.78,2297.0,63.52,3.08,1
1.23,44.38,0.7,18.17,2110.0,61.44,2.97,1
0.99,39.18,0.7,14.59,1694.0,56.82,2.74,1
1.72,54.78,0.7,25.33,2942.0,70.69,3.43,1
1.97,60.13,0.7,29.02,3370.0,75.44,3.67,1
1.25,44.78,0.7,18.45,2142.0,61.8,2.99,1
1.66,53.61,0.7,24.53,2849.0,69.66,3.38,1
0.84,36.08,0.7,12.45,1446.0,54.07,2.6,1
1.02,39.85,0.7,15.05,1748.0,57.42,2.77,1
0.84,36.03,0.7,12.42,1442.0,54.02,2.6,1
1.73,55.14,0.7,25.58,2971.0,71.01,3.45,1
1.15,42.68,0.7,17.0,1974.0,59.93,2.9,1
1.49,49.98,0.7,22.03,2558.0,66.42,3.22,1
1.9,58.63,0.7,27.99,3250.0,74.11,3.61,1
0.97,38.83,0.7,14.35,1666.0,56.51,2.73,1
1.12,42.06,0.7,16.58,1925.0,59.39,2.87,1
0.8,35.04,0.7,11.74,1363.0,53.14,2.56,1
0.78,34.93,0.7,11.32,1274.0,53.16,2.61,1
1.96,59.16,0.7,28.56,3213.0,74.7,3.69,1
2.07,61.43,0.7,30.17,3394.0,76.71,3.79,1
1.53,50.25,0.7,22.22,2500.0,66.78,3.29,1
1.14,42.28,0.7,16.55,1862.0,59.69,2.93,1
1.41,47.84,0.7,20.51,2307.0,64.63,3.18,1
0.83,36.06,0.7,12.13,1365.0,54.17,2.66,1
0.76,34.55,0.7,11.06,1244.0,52.82,2.59,1
1.6,51.65,0.7,23.22,2612.0,68.02,3.35,1
0.78,35.04,0.7,11.4,1283.0,53.26,2.61,1
1.39,47.49,0.7,20.26,2279.0,64.32,3.17,1
2.13,62.58,0.7,30.99,3486.0,77.73,3.84,1
0.8,35.45,0.7,11.7,1316.0,53.62,2.63,1
2.07,61.29,0.7,30.07,3383.0,76.59,3.78,1
1.57,51.08,0.7,22.81,2566.0,67.51,3.33,1
1.98,59.54,0.7,28.83,3243.0,75.03,3.7,1
1.63,52.35,0.7,23.72,2668.0,68.64,3.38,1
1.43,48.33,0.7,20.85,2346.0,65.07,3.2,1
2.17,63.45,0.7,31.61,3556.0,78.51,3.88,1
1.28,45.13,0.7,18.58,2090.0,62.22,3.06,1
1.63,52.39,0.7,23.74,2671.0,68.68,3.38,1
1.16,42.75,0.7,16.89,1900.0,60.11,2.96,1
2.11,62.14,0.7,30.68,3451.0,77.34,3.82,1
0.99,39.29,0.7,14.43,1623.0,57.03,2.8,1
1.63,52.43,0.7,23.77,2674.0,68.71,3.39,1
2.12,62.28,0.7,30.77,3462.0,77.47,3.82,1
1.83,56.41,0.7,26.6,2993.0,72.26,3.56,1
1.06,40.71,0.7,15.44,1737.0,58.3,2.87,1
0.94,38.33,0.7,13.74,1546.0,56.18,2.76,1
1.03,40.0,0.7,14.93,1680.0,57.67,2.83,1
1.32,46.06,0.7,19.24,2165.0,63.06,3.1,1
1.27,45.05,0.7,18.52,2084.0,62.16,3.06,1
0.94,38.69,0.7,13.41,1495.0,56.61,20.83,1
1.21,44.14,0.7,17.33,1931.0,61.46,21.07,1
1.36,47.04,0.7,19.41,2163.0,64.03,21.2,1
1.05,40.83,0.7,14.95,1666.0,58.51,20.93,1
1.91,58.0,0.7,27.28,3040.0,73.78,21.69,1
1.16,43.15,0.7,16.62,1852.0,60.58,21.03,1
1.31,46.09,0.7,18.73,2087.0,63.19,21.16,1
0.98,39.46,0.7,13.97,1557.0,57.3,20.87,1
1.57,51.31,0.7,22.48,2505.0,67.83,21.39,1
1.71,53.96,0.7,24.38,2717.0,70.19,21.51,1
1.14,42.6,0.7,16.22,1808.0,60.09,21.0,1
1.05,40.86,0.7,14.97,1669.0,58.54,20.93,1
1.4,47.8,0.7,19.95,2224.0,64.71,21.24,1
1.4,47.79,0.7,19.95,2223.0,64.7,21.24,1
1.8,55.83,0.7,25.71,2866.0,71.84,21.59,1
2.11,62.0,0.7,30.15,3360.0,77.33,21.87,1
1.81,56.76,0.7,26.7,3101.0,72.46,3.52,1
1.39,47.79,0.7,20.52,2383.0,64.48,3.12,1
1.5,50.14,0.7,22.14,2571.0,66.57,3.23,1
0.81,35.39,0.7,11.98,1391.0,53.46,2.57,1
0.78,34.73,0.7,11.52,1338.0,52.87,2.54,1
1.1,41.64,0.7,16.28,1891.0,59.01,2.85,1
1.76,55.76,0.7,26.01,3021.0,71.57,3.48,1
1.06,40.74,0.7,15.66,1819.0,58.21,2.81,1
1.63,52.85,0.7,24.01,2788.0,68.98,3.35,1
1.09,41.43,0.7,16.14,1874.0,58.82,2.84,1
1.26,45.05,0.7,18.63,2164.0,62.04,3.0,1
1.47,49.45,0.7,21.67,2516.0,65.96,3.2,1
1.48,49.63,0.7,21.79,2530.0,66.11,3.21,1
1.73,55.03,0.7,25.51,2962.0,70.91,3.45,1
1.08,41.2,0.7,15.98,1856.0,58.62,2.83,1
1.8,56.54,0.7,26.55,3083.0,72.26,3.51,1
1.61,52.46,0.7,23.74,2757.0,68.63,3.33,1
0.79,34.91,0.7,11.65,1353.0,53.03,2.55,1
0.88,36.94,0.7,13.05,1515.0,54.83,2.64,1
1.38,47.48,0.7,20.31,2358.0,64.2,3.11,1
1.4,47.9,0.7,20.6,2392.0,64.58,3.13,1
1.51,50.44,0.7,22.35,2595.0,66.83,3.24,1
0.98,39.05,0.7,14.5,1684.0,56.71,2.74,1
0.92,37.73,0.7,13.59,1578.0,55.53,2.68,1
1.19,43.5,0.7,17.57,2040.0,60.67,2.93,1
1.64,53.2,0.7,24.25,2816.0,69.29,3.36,1
1.7,54.46,0.7,25.12,2917.0,70.41,3.42,1
1.48,49.69,0.7,21.83,2535.0,66.17,3.21,1
1.26,44.93,0.7,18.55,2154.0,61.93,3.0,1
1.53,50.84,0.7,22.62,2627.0,67.19,3.26,1
1.35,47.0,0.7,19.98,2320.0,63.78,3.09,1
1.97,60.21,0.7,29.08,3377.0,75.52,3.68,1
1.01,39.71,0.7,14.96,1737.0,57.3,2.77,1
1.01,39.55,0.7,14.85,1724.0,57.16,2.76,1
1.06,40.75,0.7,15.67,1820.0,58.22,2.81,1
1.74,55.25,0.7,25.66,2980.0,71.11,3.46,1
1.93,59.46,0.7,28.56,3317.0,74.86,3.64,1
1.45,49.16,0.7,21.47,2493.0,65.7,3.19,1
1.92,59.06,0.7,28.29,3285.0,74.5,3.63,1
1.24,44.58,0.7,18.31,2126.0,61.62,2.98,1
0.94,38.19,0.7,13.91,1615.0,55.94,2.7,1
1.25,44.75,0.7,18.43,2140.0,61.78,2.99,1
2.07,62.28,0.7,30.5,3542.0,77.36,3.77,1
0.77,34.44,0.7,11.32,1315.0,52.61,2.53,1
1.15,42.63,0.7,16.96,1970.0,59.89,2.89,1
0.91,37.43,0.7,13.38,1554.0,55.27,2.66,1
1.74,55.26,0.7,25.67,2981.0,71.12,3.46,1
2.0,60.76,0.7,29.46,3421.0,76.01,3.7,1
1.61,52.4,0.7,23.7,2752.0,68.58,3.33,1
1.55,51.16,0.7,22.85,2653.0,67.48,3.27,1
1.43,48.59,0.7,21.07,2447.0,65.19,3.16,1
0.93,37.89,0.7,13.7,1591.0,55.68,2.68,1
1.88,58.38,0.7,27.81,3230.0,73.89,3.59,1
1.16,42.93,0.7,17.17,1994.0,60.16,2.91,1
1.62,52.8,0.7,23.97,2784.0,68.93,3.35,1
1.24,44.54,0.7,18.28,2123.0,61.59,2.98,1
1.27,45.28,0.7,18.79,2182.0,62.24,3.01,1
1.42,48.35,0.7,20.91,2428.0,64.98,3.15,1
1.27,45.18,0.7,18.72,2174.0,62.16,3.01,1
1.15,42.59,0.7,16.94,1967.0,59.86,2.89,1
1.92,59.16,0.7,28.36,3293.0,74.59,3.63,1
1.02,39.9,0.7,15.09,1752.0,57.47,2.77,1
0.89,37.05,0.7,13.12,1524.0,54.93,2.65,1
2.06,62.04,0.7,30.34,3523.0,77.14,3.76,1
1.54,50.99,0.7,22.72,2639.0,67.32,3.27,1
1.36,47.09,0.7,20.04,2327.0,63.86,3.09,1
1.76,55.76,0.7,26.01,3021.0,71.57,3.48,1
0.78,34.79,0.7,11.56,1343.0,52.92,2.55,1
1.79,56.39,0.7,26.44,3071.0,72.12,3.51,1
1.59,52.01,0.7,23.43,2721.0,68.23,3.31,1
1.83,57.3,0.7,27.07,3144.0,72.93,3.55,1
1.41,48.15,0.7,20.77,2412.0,64.8,3.14,1
1.54,51.01,0.7,22.74,2641.0,67.34,3.27,1
0.94,38.08,0.7,13.83,1606.0,55.84,2.69,1
1.49,50.03,0.7,22.06,2562.0,66.47,3.22,1
1.23,44.4,0.7,18.19,2112.0,61.47,2.97,1
1.05,40.53,0.7,15.52,1802.0,58.02,2.8,1
1.42,48.34,0.7,20.9,2427.0,64.97,3.15,1
1.96,59.91,0.7,28.87,3353.0,75.26,3.66,1
2.0,60.8,0.7,29.48,3424.0,76.04,3.7,1
1.43,48.56,0.7,21.05,2445.0,65.17,3.16,1
1.64,53.18,0.7,24.23,2814.0,69.27,3.36,1
1.35,46.95,0.7,19.94,2316.0,63.73,3.09,1
1.18,43.24,0.7,17.39,2019.0,60.43,2.92,1
1.65,53.46,0.7,24.43,2837.0,69.52,3.38,1
1.43,48.54,0.7,21.04,2443.0,65.14,3.16,1
0.8,35.11,0.7,11.79,1369.0,53.21,2.56,1
0.82,35.56,0.7,12.1,1405.0,53.61,2.58,1
1.16,42.79,0.7,17.08,1983.0,60.03,2.9,1
2.07,62.31,0.7,30.53,3545.0,77.39,3.77,1
1.38,47.64,0.7,20.42,2371.0,64.34,3.12,1
0.71,33.25,0.7,10.51,1220.0,51.56,2.48,1
1.05,40.48,0.7,15.48,1798.0,57.98,2.8,1
1.28,45.46,0.7,18.92,2197.0,62.41,3.02,1
0.75,34.14,0.7,11.12,1291.0,52.34,2.52,1
1.88,58.35,0.7,27.8,3228.0,73.87,3.59,1
1.36,47.05,0.7,20.01,2324.0,63.82,3.09,1
0.71,33.13,0.7,10.42,1210.0,51.44,2.47,1
1.82,57.03,0.7,26.88,3122.0,72.69,3.53,1
1.11,41.86,0.7,16.44,1909.0,59.21,2.86,1
1.53,50.84,0.7,22.62,2627.0,67.19,3.26,1
2.01,61.11,0.7,29.7,3449.0,76.32,3.72,1
2.05,62.03,0.7,30.33,3522.0,77.13,3.76,1
1.61,52.46,0.7,23.74,2757.0,68.63,3.33,1
0.92,37.64,0.7,13.53,1571.0,55.46,2.67,1
1.46,49.33,0.7,21.58,2506.0,65.84,3.19,1
1.74,55.34,0.7,25.72,2987.0,71.19,3.46,1
1.58,51.89,0.7,23.34,2711.0,68.12,3.31,1
0.86,36.48,0.7,12.73,1478.0,54.42,2.62,1
1.42,48.48,0.7,20.99,2438.0,65.09,3.15,1
1.67,53.76,0.7,24.64,2861.0,69.79,3.39,1
0.88,36.96,0.7,13.06,1517.0,54.86,2.64,1
0.74,33.96,0.7,11.0,1277.0,52.19,2.51,1
0.73,33.7,0.7,10.82,1256.0,51.96,2.5,1
1.18,43.31,0.7,17.44,2025.0,60.5,2.93,1
1.26,44.99,0.7,18.59,2159.0,61.99,3.0,1
1.98,60.53,0.7,29.3,3402.0,75.8,3.69,1
1.99,60.65,0.7,29.38,3412.0,75.91,3.7,1
1.45,49.08,0.7,21.41,2486.0,65.62,3.18,1
1.18,43.21,0.7,17.37,2017.0,60.41,2.92,1
1.0,39.43,0.7,14.76,1714.0,57.04,2.75,1
0.87,36.7,0.7,12.88,1496.0,54.62,2.63,1
1.37,47.45,0.7,20.29,2356.0,64.18,3.11,1
1.39,47.84,0.7,20.55,2387.0,64.52,3.13,1
1.74,55.23,0.7,25.64,2978.0,71.09,3.45,1
1.15,42.63,0.7,16.96,1970.0,59.89,2.89,1
0.92,37.81,0.7,13.65,1585.0,55.61,2.68,1
1.43,48.71,0.7,21.16,2457.0,65.3,3.17,1
2.01,60.98,0.7,29.61,3438.0,76.2,3.71,1
1.89,58.44,0.7,27.86,3235.0,73.94,3.6,1
1.88,58.34,0.7,27.79,3227.0,73.86,3.59,1
1.32,46.25,0.7,19.46,2260.0,63.11,3.06,1
1.34,46.79,0.7,19.83,2303.0,63.59,3.08,1
1.67,53.69,0.7,24.58,2855.0,69.72,3.39,1
1.7,54.41,0.7,25.08,2913.0,70.37,3.42,1
0.91,37.59,0.7,13.49,1567.0,55.41,2.67,1
1.67,53.85,0.7,24.7,2868.0,69.87,3.39,1
0.96,38.54,0.7,14.15,1643.0,56.26,2.71,1
2.0,60.84,0.7,29.51,3427.0,76.08,3.7,1
1.34,46.61,0.7,19.71,2289.0,63.43,3.07,1
0.72,33.5,0.7,10.68,1240.0,51.78,2.49,1
1.59,52.14,0.7,23.52,2731.0,68.34,3.32,1
1.51,50.4,0.7,22.32,2592.0,66.8,3.24,1
2.01,61.1,0.7,29.69,3448.0,76.31,3.72,1
2.06,62.15,0.7,30.41,3532.0,77.24,3.76,1
2.0,60.96,0.7,29.6,3437.0,76.19,3.71,1
1.07,40.99,0.7,15.84,1839.0,58.43,2.82,1
1.38,47.51,0.7,20.33,2361.0,64.23,3.11,1
0.93,37.88,0.7,13.69,1590.0,55.67,2.68,1
1.86,57.79,0.7,27.41,3183.0,73.37,3.57,1
1.41,48.19,0.7,20.8,2415.0,64.83,3.14,1
2.02,61.3,0.7,29.83,3464.0,76.49,3.72,1
1.66,53.68,0.7,24.58,2854.0,69.71,3.39,1
1.54,51.09,0.7,22.79,2647.0,67.41,3.27,1
1.68,54.05,0.7,24.83,2884.0,70.04,3.4,1
1.94,59.68,0.7,28.71,3334.0,75.04,3.65,1
0.89,37.06,0.7,13.13,1525.0,54.94,2.65,1
1.5,50.23,0.7,22.2,2578.0,66.64,3.23,1
1.36,47.09,0.7,20.04,2327.0,63.86,3.09,1
1.42,48.49,0.7,21.0,2439.0,65.1,3.16,1
1.05,40.49,0.7,15.49,1799.0,57.99,2.8,1
0.71,33.23,0.7,10.49,1218.0,51.53,2.48,1
1.02,39.95,0.7,15.12,1756.0,57.51,2.78,1
1.29,45.63,0.7,19.03,2210.0,62.56,3.03,1
1.46,49.33,0.7,21.58,2506.0,65.84,3.19,1
1.11,41.79,0.7,16.39,1903.0,59.14,2.86,1
1.75,55.43,0.7,25.78,2994.0,71.27,3.46,1
0.72,33.41,0.7,10.62,1233.0,51.7,2.49,1
0.91,37.49,0.7,13.42,1559.0,55.32,2.67,1
0.77,34.56,0.7,11.41,1325.0,52.72,2.54,1
1.3,45.96,0.7,19.26,2237.0,62.86,3.04,1
1.98,60.51,0.7,29.29,3401.0,75.79,3.69,1
1.15,42.58,0.7,16.93,1966.0,59.84,2.89,1
1.35,46.98,0.7,19.96,2318.0,63.76,3.09,1
1.97,60.19,0.7,29.06,3375.0,75.5,3.68,1
1.32,46.28,0.7,19.48,2262.0,63.13,3.06,1
0.83,35.75,0.7,12.23,1420.0,53.78,2.59,1
1.66,53.56,0.7,24.5,2845.0,69.61,3.38,1
0.91,37.53,0.7,13.45,1562.0,55.36,2.67,1
1.51,50.33,0.7,22.27,2586.0,66.73,3.24,1
0.98,39.1,0.7,14.54,1688.0,56.76,2.74,1
1.1,41.65,0.7,16.29,1892.0,59.02,2.85,1
1.66,53.56,0.7,24.5,2845.0,69.61,3.38,1
1.76,55.63,0.7,25.92,3010.0,71.44,3.47,1
1.82,57.09,0.7,26.93,3127.0,72.74,3.54,1
1.12,41.99,0.7,16.52,1919.0,59.32,2.87,1
1.64,53.06,0.7,24.15,2805.0,69.17,3.36,1
0.88,36.78,0.7,12.93,1502.0,54.69,2.63,1
1.39,47.84,0.7,20.55,2387.0,64.52,3.13,1
1.31,46.08,0.7,19.34,2246.0,62.96,3.05,1
2.04,61.79,0.7,30.16,3503.0,76.92,3.75,1
1.63,52.98,0.7,24.09,2798.0,69.09,3.35,1
0.89,37.04,0.7,13.11,1523.0,54.92,2.65,1
0.71,33.23,0.7,10.49,1218.0,51.53,2.48,1
1.14,42.4,0.7,16.81,1952.0,59.69,2.88,1
1.24,44.65,0.7,18.36,2132.0,61.69,2.98,1
1.0,39.34,0.7,14.7,1707.0,56.97,2.75,1
1.58,51.86,0.7,23.33,2709.0,68.1,3.31,1
1.76,55.69,0.7,25.96,3015.0,71.5,3.48,1
0.72,33.33,0.7,10.56,1226.0,51.62,2.48,1
0.86,36.41,0.7,12.68,1473.0,54.37,2.62,1
0.83,35.88,0.7,12.31,1430.0,53.89,2.59,1
1.77,55.85,0.7,26.07,3028.0,71.64,3.48,1
0.85,36.13,0.7,12.49,1450.0,54.11,2.61,1
0.62,45.11,0.7,10.0,2249.0,61.99,2.55,2
0.57,42.79,0.7,9.17,2063.0,59.92,2.45,2
0.45,37.41,0.7,7.26,1633.0,55.14,2.21,2
0.37,33.48,0.7,5.86,1318.0,51.64,2.03,2
0.51,39.95,0.7,8.16,1836.0,57.4,2.32,2
0.6,44.0,0.7,9.6,2160.0,61.0,2.5,2
0.61,44.5,0.7,9.78,2200.0,61.44,2.52,2
0.34,32.24,0.7,5.42,1219.0,50.54,1.98,2
0.39,34.49,0.7,6.22,1399.0,52.54,2.08,2
0.44,36.99,0.7,7.11,1599.0,54.77,2.19,2
0.44,36.69,0.7,7.0,1575.0,54.5,2.18,2
0.59,43.71,0.7,9.5,2137.0,60.74,2.49,2
0.64,45.89,0.7,10.27,2311.0,62.68,2.58,2
0.64,45.78,0.7,10.23,2302.0,62.58,2.58,2
0.47,38.36,0.7,7.6,1709.0,55.99,2.25,2
0.4,34.94,0.7,6.38,1435.0,52.94,2.1,2
0.97,60.8,0.7,15.57,3504.0,75.93,3.25,2
0.34,32.45,0.7,5.49,1236.0,50.73,1.99,2
0.65,46.21,0.7,10.39,2337.0,62.97,2.6,2
0.48,38.48,0.7,7.64,1718.0,56.09,2.25,2
0.34,32.24,0.7,5.42,1219.0,50.54,1.98,2
0.55,41.6,0.7,8.75,1968.0,58.87,2.39,2
0.96,60.3,0.7,15.4,3464.0,75.49,3.22,2
0.83,54.53,0.7,13.34,3002.0,70.36,2.97,2
0.35,32.59,0.7,5.54,1247.0,50.86,1.99,2
0.72,49.21,0.7,11.45,2577.0,65.63,2.73,2
0.71,48.94,0.7,11.36,2555.0,65.39,2.72,2
0.89,57.21,0.7,14.3,3217.0,72.74,3.09,2
0.76,51.36,0.7,12.22,2749.0,67.54,2.83,2
0.63,45.51,0.7,10.14,2281.0,62.34,2.57,2
0.66,46.64,0.7,10.54,2371.0,63.34,2.62,2
0.91,57.83,0.7,14.52,3266.0,73.29,3.11,2
0.47,38.0,0.7,7.47,1680.0,55.67,2.23,2
0.44,36.81,0.7,7.04,1585.0,54.61,2.18,2
0.47,38.29,0.7,7.57,1703.0,55.92,2.25,2
0.54,41.26,0.7,8.63,1941.0,58.57,2.38,2
0.58,42.94,0.7,9.22,2075.0,60.06,2.45,2
0.45,37.38,0.7,7.24,1630.0,55.11,2.21,2
0.97,60.83,0.7,15.58,3506.0,75.96,3.25,2
0.85,55.3,0.7,13.62,3064.0,71.04,3.0,2
0.74,50.2,0.7,11.8,2656.0,66.51,2.78,2
0.37,33.44,0.7,5.84,1315.0,51.61,2.03,2
0.87,56.31,0.7,13.98,3145.0,71.94,3.05,2
0.9,57.7,0.7,14.47,3256.0,73.18,3.11,2
0.35,32.63,0.7,5.56,1250.0,50.89,1.99,2
0.99,61.44,0.7,15.8,3555.0,76.5,3.28,2
0.74,50.41,0.7,11.88,2673.0,66.7,2.79,2
0.72,49.34,0.7,11.5,2587.0,65.74,2.74,2
0.69,48.21,0.7,11.1,2497.0,64.74,2.69,2
0.47,38.33,0.7,7.58,1706.0,55.96,2.25,2
0.84,54.75,0.7,13.42,3020.0,70.56,2.98,2
0.85,55.46,0.7,13.68,3077.0,71.19,3.01,2
0.75,50.78,0.7,12.01,2702.0,67.02,2.8,2
0.78,52.08,0.7,12.47,2806.0,68.18,2.86,2
0.62,44.86,0.7,9.91,2229.0,61.77,2.54,2
0.81,53.45,0.7,12.96,2916.0,69.4,2.92,2
0.54,41.09,0.7,8.56,1927.0,58.41,2.37,2
0.61,44.33,0.7,9.72,2186.0,61.29,2.51,2
0.65,46.08,0.7,10.34,2326.0,62.84,2.59,2
0.98,61.13,0.7,15.69,3530.0,76.22,3.26,2
0.79,52.51,0.7,12.63,2841.0,68.57,2.88,2
0.5,39.71,0.7,8.08,1817.0,57.19,2.31,2
0.64,45.58,0.7,10.16,2286.0,62.4,2.57,2
0.96,60.23,0.7,15.37,3458.0,75.42,3.22,2
0.83,54.23,0.7,13.24,2978.0,70.09,2.95,2
0.92,58.58,0.7,14.78,3326.0,73.96,3.15,2
0.5,39.54,0.7,8.01,1803.0,57.03,2.3,2
0.96,60.14,0.7,15.34,3451.0,75.34,3.22,2
0.94,59.26,0.7,15.03,3381.0,74.57,3.18,2
0.37,33.75,0.7,5.96,1340.0,51.89,2.04,2
0.76,51.34,0.7,12.21,2747.0,67.52,2.83,2
0.87,55.95,0.7,13.85,3116.0,71.62,3.03,2
0.98,61.09,0.7,15.68,3527.0,76.19,3.26,2
0.35,32.8,0.7,5.62,1264.0,51.04,2.0,2
0.77,51.59,0.7,12.3,2767.0,67.74,2.84,2
0.42,35.8,0.7,6.68,1504.0,53.71,2.14,2
0.61,44.28,0.7,9.7,2182.0,61.24,2.51,2
0.47,38.09,0.7,7.5,1687.0,55.74,2.24,2
0.76,51.11,0.7,12.13,2729.0,67.32,2.82,2
0.83,54.4,0.7,13.3,2992.0,70.24,2.96,2
0.61,44.4,0.7,9.74,2192.0,61.36,2.52,2
0.49,38.84,0.7,7.76,1747.0,56.41,2.27,2
0.88,56.38,0.7,14.0,3150.0,72.0,3.05,2
0.74,50.19,0.7,11.8,2655.0,66.5,2.78,2
0.42,35.96,0.7,6.74,1517.0,53.86,2.14,2
0.72,49.33,0.7,11.49,2586.0,65.73,2.74,2
0.36,33.29,0.7,5.79,1303.0,51.48,2.02,2
0.41,35.64,0.7,6.63,1491.0,53.57,2.13,2
0.4,34.81,0.7,6.33,1425.0,52.83,2.09,2
0.88,56.38,0.7,14.0,3150.0,72.0,3.05,2
0.86,55.63,0.7,13.73,3090.0,71.33,3.02,2
0.99,61.54,0.7,15.84,3563.0,76.59,3.28,2
0.64,45.63,0.7,10.18,2290.0,62.44,2.57,2
0.85,55.28,0.7,13.61,3062.0,71.02,3.0,2
0.6,44.19,0.7,9.67,2175.0,61.17,2.51,2
0.46,37.86,0.7,7.42,1669.0,55.54,2.23,2
0.59,43.38,0.7,9.38,2110.0,60.44,2.47,2
0.94,59.2,0.7,15.0,3376.0,74.51,3.18,2
0.73,49.89,0.7,11.69,2631.0,66.23,2.76,2
0.87,56.35,0.7,13.99,3148.0,71.98,3.05,2
0.34,32.51,0.7,5.52,1241.0,50.79,1.99,2
0.86,55.89,0.7,13.83,3111.0,71.57,3.03,2
0.58,43.1,0.7,9.28,2088.0,60.2,2.46,2
0.54,41.3,0.7,8.64,1944.0,58.6,2.38,2
0.7,48.58,0.7,11.23,2526.0,65.07,2.7,2
0.44,36.7,0.7,7.0,1576.0,54.51,2.18,2
0.85,55.04,0.7,13.52,3043.0,70.81,2.99,2
0.4,35.03,0.7,6.41,1442.0,53.02,2.1,2
0.58,43.01,0.7,9.25,2081.0,60.12,2.46,2
0.39,34.73,0.7,6.3,1418.0,52.76,2.09,2
0.85,55.46,0.7,13.68,3077.0,71.19,3.01,2
0.68,47.79,0.7,10.95,2463.0,64.37,2.67,2
0.72,49.51,0.7,11.56,2601.0,65.9,2.75,2
0.55,41.91,0.7,8.86,1993.0,59.14,2.41,2
0.34,32.49,0.7,5.51,1239.0,50.77,1.99,2
0.75,50.55,0.7,11.93,2684.0,66.82,2.79,2
0.64,45.75,0.7,10.22,2300.0,62.56,2.58,2
0.43,36.48,0.7,6.92,1558.0,54.31,2.17,2
0.37,33.46,0.7,5.85,1317.0,51.63,2.03,2
0.67,47.16,0.7,10.72,2413.0,63.81,2.64,2
0.52,40.29,0.7,8.28,1863.0,57.7,2.34,2
0.97,60.7,0.7,15.54,3496.0,75.84,3.24,2
0.59,43.54,0.7,9.44,2123.0,60.59,2.48,2
0.65,46.19,0.7,10.38,2335.0,62.94,2.6,2
0.57,42.55,0.7,9.08,2044.0,59.71,2.44,2
0.75,50.96,0.7,12.08,2717.0,67.19,2.81,2
0.35,32.83,0.7,5.63,1266.0,51.07,2.0,2
0.56,42.19,0.7,8.96,2015.0,59.39,2.42,2
0.62,45.01,0.7,9.96,2241.0,61.9,2.55,2
0.88,56.46,0.7,14.03,3157.0,72.08,3.05,2
0.63,45.31,0.7,10.07,2265.0,62.17,2.56,2
0.34,32.48,0.7,5.5,1238.0,50.76,1.99,2
0.34,32.38,0.7,5.47,1230.0,50.67,1.98,2
0.66,46.66,0.7,10.55,2373.0,63.37,2.62,2
0.52,40.45,0.7,8.34,1876.0,57.84,2.34,2
0.49,39.08,0.7,7.85,1766.0,56.62,2.28,2
0.51,40.14,0.7,8.23,1851.0,57.57,2.33,2
0.38,33.99,0.7,6.04,1359.0,52.1,2.06,2
0.92,58.28,0.7,14.68,3302.0,73.69,3.13,2
0.67,46.94,0.7,10.64,2395.0,63.61,2.63,2
0.35,32.54,0.7,5.52,1243.0,50.81,1.99,2
0.49,38.9,0.7,7.79,1752.0,56.47,2.27,2
0.66,46.71,0.7,10.56,2377.0,63.41,2.62,2
0.73,50.04,0.7,11.75,2643.0,66.37,2.77,2
0.89,57.01,0.7,14.23,3201.0,72.57,3.08,2
0.86,55.9,0.7,13.83,3112.0,71.58,3.03,2
0.95,59.95,0.7,15.27,3436.0,75.18,3.21,2
0.51,39.81,0.7,8.11,1825.0,57.28,2.31,2
0.36,33.19,0.7,5.76,1295.0,51.39,2.02,2
0.61,44.45,0.7,9.76,2196.0,61.4,2.52,2
0.78,52.09,0.7,12.48,2807.0,68.19,2.86,2
0.38,34.25,0.7,6.13,1380.0,52.33,2.07,2
0.52,40.24,0.7,8.26,1859.0,57.66,2.33,2
0.77,51.53,0.7,12.28,2762.0,67.69,2.83,2
0.84,54.68,0.7,13.4,3014.0,70.49,2.97,2
0.44,36.84,0.7,7.05,1587.0,54.63,2.18,2
0.47,38.25,0.7,7.56,1700.0,55.89,2.24,2
0.71,48.98,0.7,11.37,2558.0,65.42,2.72,2
0.81,53.51,0.7,12.98,2921.0,69.46,2.92,2
0.74,50.14,0.7,11.78,2651.0,66.46,2.77,2
0.75,50.83,0.7,12.03,2706.0,67.07,2.8,2
0.81,53.26,0.7,12.89,2901.0,69.23,2.91,2
0.49,39.19,0.7,7.89,1775.0,56.72,2.29,2
0.37,33.65,0.7,5.92,1332.0,51.8,2.04,2
0.84,54.88,0.7,13.47,3030.0,70.67,2.98,2
0.37,33.63,0.7,5.91,1330.0,51.78,2.04,2
0.36,33.01,0.7,5.69,1281.0,51.23,2.01,2
0.8,53.15,0.7,12.85,2892.0,69.13,2.91,2
0.48,38.53,0.7,7.65,1722.0,56.13,2.26,2
0.77,51.6,0.7,12.3,2768.0,67.76,2.84,2
0.72,49.3,0.7,11.48,2584.0,65.71,2.74,2
0.54,41.19,0.7,8.6,1935.0,58.5,2.38,2
0.34,32.11,0.7,5.37,1209.0,50.43,1.97,2
0.52,40.59,0.7,8.39,1887.0,57.97,2.35,2
0.95,59.74,0.7,15.2,3419.0,74.99,3.2,2
0.56,42.01,0.7,8.89,2001.0,59.23,2.41,2
0.48,38.81,0.7,7.76,1745.0,56.39,2.27,2
0.69,47.85,0.7,10.97,2468.0,64.42,2.67,2
0.67,47.06,0.7,10.69,2405.0,63.72,2.64,2
0.82,53.86,0.7,13.11,2949.0,69.77,2.94,2
0.5,39.31,0.7,7.93,1785.0,56.83,2.29,2
0.6,43.79,0.7,9.52,2143.0,60.81,2.49,2
0.39,34.59,0.7,6.25,1407.0,52.63,2.08,2
0.76,51.01,0.7,12.09,2721.0,67.23,2.81,2
0.54,41.28,0.7,8.63,1942.0,58.58,2.38,2
0.8,52.94,0.7,12.78,2875.0,68.94,2.9,2
0.73,49.8,0.7,11.66,2624.0,66.16,2.76,2
0.85,55.45,0.7,13.67,3076.0,71.18,3.01,2
0.81,53.23,0.7,12.88,2898.0,69.2,2.91,2
0.34,32.21,0.7,5.41,1217.0,50.52,1.98,2
0.62,45.03,0.7,9.96,2242.0,61.91,2.55,2
0.9,57.29,0.7,14.32,3223.0,72.81,3.09,2
0.34,32.18,0.7,5.4,1214.0,50.49,1.97,2
0.83,54.26,0.7,13.25,2981.0,70.12,2.96,2
0.82,53.93,0.7,13.13,2954.0,69.82,2.94,2
0.47,38.16,0.7,7.52,1693.0,55.81,2.24,2
0.56,42.31,0.7,9.0,2025.0,59.5,2.43,2
0.75,50.81,0.7,12.02,2705.0,67.06,2.8,2
0.85,55.23,0.7,13.59,3058.0,70.98,3.0,2
0.48,38.43,0.7,7.62,1714.0,56.04,2.25,2
0.64,45.66,0.7,10.19,2293.0,62.48,2.57,2
0.76,51.25,0.7,12.18,2740.0,67.44,2.82,2
0.64,45.73,0.7,10.21,2298.0,62.53,2.58,2
0.76,51.16,0.7,12.15,2733.0,67.37,2.82,2
0.51,40.1,0.7,8.21,1848.0,57.53,2.33,2
0.83,54.39,0.7,13.29,2991.0,70.23,2.96,2
0.77,51.64,0.7,12.32,2771.0,67.79,2.84,2
0.72,49.43,0.7,11.53,2594.0,65.82,2.74,2
0.86,55.9,0.7,13.83,3112.0,71.58,3.03,2
0.55,41.93,0.7,8.86,1994.0,59.16,2.41,2
0.77,51.44,0.7,12.24,2755.0,67.61,2.83,2
0.82,54.03,0.7,13.16,2962.0,69.91,2.95,2
0.76,51.35,0.7,12.21,2748.0,67.53,2.83,2
0.77,51.69,0.7,12.33,2775.0,67.83,2.84,2
0.38,34.3,0.7,6.15,1384.0,52.38,2.07,2
0.72,49.19,0.7,11.44,2575.0,65.61,2.73,2
0.72,49.29,0.7,11.48,2583.0,65.7,2.74,2
0.51,40.13,0.7,8.22,1850.0,57.56,2.33,2
0.74,50.11,0.7,11.77,2649.0,66.43,2.77,2
0.73,50.06,0.7,11.76,2645.0,66.39,2.77,2
0.73,49.75,0.7,11.64,2620.0,66.11,2.76,2
0.36,33.21,0.7,5.76,1297.0,51.41,2.02,2
0.9,57.56,0.7,14.42,3245.0,73.06,3.1,2
0.58,42.98,0.7,9.24,2078.0,60.09,2.45,2
0.42,35.9,0.7,6.72,1512.0,53.8,2.14,2
0.39,34.54,0.7,6.24,1403.0,52.59,2.08,2
0.58,43.2,0.7,9.32,2096.0,60.29,2.46,2
0.75,50.53,0.7,11.92,2682.0,66.8,2.79,2
0.4,35.04,0.7,6.41,1443.0,53.03,2.1,2
0.81,53.5,0.7,12.98,2920.0,69.44,2.92,2
0.7,48.41,0.7,11.17,2513.0,64.92,2.7,2
0.39,34.71,0.7,6.3,1417.0,52.74,2.09,2
0.66,46.9,0.7,10.63,2392.0,63.58,2.63,2
0.35,32.74,0.7,5.6,1259.0,50.99,2.0,2
0.6,44.11,0.7,9.64,2169.0,61.1,2.51,2
0.36,33.0,0.7,5.69,1280.0,51.22,2.01,2
0.64,45.63,0.7,10.18,2290.0,62.44,2.57,2
0.47,38.25,0.7,7.56,1700.0,55.89,2.24,2
0.95,59.74,0.7,15.2,3419.0,74.99,3.2,2
0.64,45.95,0.7,10.29,2316.0,62.73,2.59,2
0.95,59.96,0.7,15.28,3437.0,75.19,3.21,2
0.5,39.41,0.7,7.97,1793.0,56.92,2.3,2
0.92,58.48,0.7,14.75,3318.0,73.87,3.14,2
0.47,37.94,0.7,7.44,1675.0,55.61,2.23,2
0.41,35.33,0.7,6.52,1466.0,53.29,2.11,2
0.57,42.5,0.7,9.07,2040.0,59.67,2.43,2
0.54,41.19,0.7,8.6,1935.0,58.5,2.38,2
0.63,45.23,0.7,10.04,2258.0,62.09,2.55,2
0.79,52.39,0.7,12.58,2831.0,68.46,2.87,2
0.73,49.86,0.7,11.68,2629.0,66.21,2.76,2
0.72,49.58,0.7,11.58,2606.0,65.96,2.75,2
0.56,42.23,0.7,8.97,2018.0,59.42,2.42,2
0.68,47.48,0.7,10.84,2438.0,64.09,2.65,2
0.43,36.14,0.7,6.8,1531.0,54.01,2.15,2
0.67,47.26,0.7,10.76,2421.0,63.9,2.65,2
0.67,47.2,0.7,10.74,2416.0,63.84,2.64,2
0.96,60.41,0.7,15.44,3473.0,75.59,3.23,2
0.58,43.26,0.7,9.34,2101.0,60.34,2.47,2
0.81,53.46,0.7,12.96,2917.0,69.41,2.92,2
0.94,59.2,0.7,15.0,3376.0,74.51,3.18,2
0.33,32.03,0.7,5.34,1202.0,50.36,1.97,2
0.68,47.6,0.7,10.88,2448.0,64.2,2.66,2
0.97,60.66,0.7,15.52,3493.0,75.81,3.24,2
0.93,58.76,0.7,14.85,3341.0,74.12,3.16,2
0.35,32.65,0.7,5.56,1252.0,50.91,2.0,2
0.39,34.35,0.7,6.17,1388.0,52.42,2.07,2
0.82,54.03,0.7,13.16,2962.0,69.91,2.95,2
0.4,35.1,0.7,6.44,1448.0,53.09,2.1,2
0.86,55.91,0.7,13.84,3113.0,71.59,3.03,2
0.6,43.78,0.7,9.52,2142.0,60.8,2.49,2
0.6,43.91,0.7,9.57,2153.0,60.92,2.5,2
0.5,39.45,0.7,7.98,1796.0,56.96,2.3,2
0.75,50.63,0.7,11.96,2690.0,66.89,2.79,2
0.5,39.69,0.7,8.07,1815.0,57.17,2.31,2
0.34,32.14,0.7,5.38,1211.0,50.46,1.97,2
0.42,35.93,0.7,6.73,1514.0,53.82,2.14,2
0.81,53.54,0.7,12.99,2923.0,69.48,2.92,2
0.97,60.79,0.7,15.57,3503.0,75.92,3.25,2
0.36,33.16,0.7,5.75,1293.0,51.37,2.02,2
0.98,61.26,0.7,15.74,3541.0,76.34,3.27,2
0.39,34.35,0.7,6.17,1388.0,52.42,2.07,2
0.89,56.99,0.7,14.22,3199.0,72.54,3.08,2
0.97,60.78,0.7,15.56,3502.0,75.91,3.25,2
0.85,55.28,0.7,13.61,3062.0,71.02,3.0,2
0.95,59.91,0.7,15.26,3433.0,75.14,3.21,2
0.91,58.09,0.7,14.61,3287.0,73.52,3.13,2
0.63,45.53,0.7,10.14,2282.0,62.36,2.57,2
0.88,56.69,0.7,14.11,3175.0,72.28,3.06,2
0.71,48.73,0.7,11.28,2538.0,65.2,2.71,2
0.58,42.93,0.7,9.22,2074.0,60.04,2.45,2
0.99,61.39,0.7,15.78,3551.0,76.46,3.27,2
0.92,58.41,0.7,14.72,3313.0,73.81,3.14,2
0.46,37.7,0.7,7.36,1656.0,55.4,2.22,2
0.46,37.8,0.7,7.4,1664.0,55.49,2.22,2
0.92,58.34,0.7,14.7,3307.0,73.74,3.14,2
0.9,57.7,0.7,14.47,3256.0,73.18,3.11,2
0.95,59.65,0.7,15.16,3412.0,74.91,3.2,2
0.84,54.95,0.7,13.49,3036.0,70.73,2.99,2
0.58,43.0,0.7,9.24,2080.0,60.11,2.46,2
0.39,34.54,0.7,6.24,1403.0,52.59,2.08,2
0.77,51.8,0.7,12.37,2784.0,67.93,2.85,2
0.41,35.34,0.7,6.52,1467.0,53.3,2.12,2
0.9,57.55,0.7,14.42,3244.0,73.04,3.1,2
0.68,47.44,0.7,10.82,2435.0,64.06,2.65,2
0.87,55.95,0.7,13.85,3116.0,71.62,3.03,2
0.44,36.59,0.7,6.96,1567.0,54.41,2.17,2
0.76,51.4,0.7,12.23,2752.0,67.58,2.83,2
0.83,54.44,0.7,13.31,2995.0,70.28,2.96,2
0.61,44.55,0.7,9.8,2204.0,61.49,2.52,2
0.44,36.7,0.7,7.0,1576.0,54.51,2.18,2
0.71,49.08,0.7,11.4,2566.0,65.51,2.73,2
0.74,50.25,0.7,11.82,2660.0,66.56,2.78,2
0.74,50.26,0.7,11.83,2661.0,66.57,2.78,2
0.68,47.68,0.7,10.91,2454.0,64.27,2.66,2
0.49,39.05,0.7,7.84,1764.0,56.6,2.28,2
0.36,33.4,0.7,5.83,1312.0,51.58,2.03,2
0.56,42.06,0.7,8.91,2005.0,59.28,2.41,2
0.71,49.13,0.7,11.42,2570.0,65.56,2.73,2
0.71,49.16,0.7,11.44,2573.0,65.59,2.73,2
0.7,48.29,0.7,11.12,2503.0,64.81,2.69,2
0.48,38.45,0.7,7.63,1716.0,56.07,2.25,2
0.33,32.06,0.7,5.36,1205.0,50.39,1.97,2
0.97,60.49,0.7,15.46,3479.0,75.66,3.23,2
0.71,48.98,0.7,11.37,2558.0,65.42,2.72,2
0.72,49.49,0.7,11.55,2599.0,65.88,2.74,2
0.43,36.34,0.7,6.88,1547.0,54.19,2.16,2
0.76,51.4,0.7,12.23,2752.0,67.58,2.83,2
0.73,49.66,0.7,11.61,2613.0,66.03,2.75,2
0.38,33.95,0.7,6.03,1356.0,52.07,2.05,2
0.45,37.06,0.7,7.13,1605.0,54.83,2.19,2
0.63,45.26,0.7,10.05,2261.0,62.12,2.56,2
0.63,45.31,0.7,10.07,2265.0,62.17,2.56,2
0.36,33.28,0.7,5.79,1302.0,51.47,2.02,2
0.73,49.98,0.7,11.72,2638.0,66.31,2.77,2
0.72,49.21,0.7,11.45,2577.0,65.63,2.73,2
0.37,33.71,0.7,5.94,1337.0,51.86,2.04,2
0.79,52.56,0.7,12.64,2845.0,68.61,2.88,2
0.91,58.03,0.7,14.59,3282.0,73.47,3.12,2
0.44,36.81,0.7,7.04,1585.0,54.61,2.18,2
0.5,39.63,0.7,8.04,1810.0,57.11,2.31,2
0.51,39.78,0.7,8.1,1822.0,57.24,2.31,2
0.7,48.29,0.7,11.12,2503.0,64.81,2.69,2
0.54,41.48,0.7,8.7,1958.0,58.76,2.39,2
0.85,55.33,0.7,13.63,3066.0,71.07,3.0,2
0.91,58.1,0.7,14.61,3288.0,73.53,3.13,2
0.7,48.43,0.7,11.17,2514.0,64.93,2.7,2
0.65,46.44,0.7,10.47,2355.0,63.17,2.61,2
0.69,48.14,0.7,11.07,2491.0,64.68,2.68,2
0.45,37.25,0.7,7.2,1620.0,55.0,2.2,2
0.38,33.96,0.7,6.03,1357.0,52.08,2.05,2
0.43,36.16,0.7,6.81,1533.0,54.03,2.15,2
0.52,40.26,0.7,8.27,1861.0,57.68,2.33,2
0.86,55.83,0.7,13.8,3106.0,71.51,3.03,2
0.85,55.3,0.7,13.62,3064.0,71.04,3.0,2
0.56,42.14,0.7,8.94,2011.0,59.34,2.42,2
0.64,45.65,0.7,10.19,2292.0,62.47,2.57,2
0.98,61.26,0.7,15.74,3541.0,76.34,3.27,2
0.52,40.34,0.7,8.3,1867.0,57.74,2.34,2
0.91,57.89,0.7,14.54,3271.0,73.34,3.12,2
0.9,57.53,0.7,14.41,3242.0,73.02,3.1,2
0.65,46.45,0.7,10.47,2356.0,63.18,2.61,2
0.68,47.55,0.7,10.86,2444.0,64.16,2.66,2
0.57,42.56,0.7,9.09,2045.0,59.72,2.44,2
0.8,53.11,0.7,12.84,2889.0,69.1,2.91,2
0.89,57.11,0.7,14.26,3209.0,72.66,3.08,2
0.39,34.65,0.7,6.28,1412.0,52.69,2.08,2
4.73,54.3,0.7,55.0,2704.0,71.04,4.7,3
5.65,60.83,0.7,65.0,3226.0,76.84,4.99,3
2.45,37.99,0.7,28.0,1399.0,56.54,3.98,3
5.86,62.33,0.7,68.0,3346.0,78.18,5.06,3
4.43,52.15,0.7,51.0,2532.0,69.13,4.61,3
4.01,49.14,0.7,46.0,2291.0,66.46,4.47,3
3.52,45.65,0.7,41.0,2012.0,63.36,4.32,3
3.01,41.98,0.7,35.0,1718.0,60.09,4.15,3
4.85,55.11,0.7,56.0,2769.0,71.77,4.74,3
5.3,58.38,0.7,61.0,3030.0,74.67,4.88,3
5.93,62.86,0.7,69.0,3389.0,78.66,5.08,3
6.18,64.65,0.7,72.0,3532.0,80.24,5.16,3
3.71,47.03,0.7,43.0,2122.0,64.58,4.38,3
3.3,44.09,0.7,38.0,1887.0,61.97,4.25,3
2.8,40.5,0.7,32.0,1600.0,58.78,4.09,3
5.05,56.59,0.7,59.0,2887.0,73.08,4.8,3
4.14,50.04,0.7,48.0,2363.0,67.26,4.51,3
5.22,57.81,0.7,61.0,2985.0,74.17,4.86,3
5.23,57.89,0.7,61.0,2991.0,74.23,4.86,3
5.71,61.3,0.7,66.0,3264.0,77.27,5.01,3
3.34,44.35,0.7,39.0,1908.0,62.2,4.26,3
4.89,55.41,0.7,57.0,2793.0,72.03,4.75,3
3.9,48.36,0.7,45.0,2229.0,65.77,4.44,3
4.63,53.55,0.7,54.0,2644.0,70.38,4.67,3
5.7,61.19,0.7,66.0,3255.0,77.17,5.01,3
5.26,58.06,0.7,61.0,3005.0,74.39,4.87,3
6.05,63.69,0.7,70.0,3455.0,79.39,5.12,3
3.66,46.61,0.7,42.0,2089.0,64.21,4.36,3
2.85,40.88,0.7,33.0,1630.0,59.11,4.11,3
4.57,53.15,0.7,53.0,2612.0,70.02,4.65,3
2.72,39.93,0.7,32.0,1554.0,58.27,4.06,3
3.72,47.08,0.7,43.0,2126.0,64.62,4.38,3
3.5,45.48,0.7,41.0,1998.0,63.2,4.31,3
4.0,49.06,0.7,46.0,2285.0,66.39,4.47,3
3.18,43.2,0.7,37.0,1816.0,61.18,4.21,3
4.38,51.8,0.7,51.0,2504.0,68.82,4.59,3
3.68,46.75,0.7,43.0,2100.0,64.33,4.37,3
4.85,55.18,0.7,56.0,2774.0,71.82,4.74,3
4.9,55.49,0.7,57.0,2799.0,72.1,4.76,3
4.0,49.06,0.7,46.0,2285.0,66.39,4.47,3
4.19,50.46,0.7,49.0,2397.0,67.63,4.53,3
3.65,46.54,0.7,42.0,2083.0,64.14,4.36,3
6.22,64.96,0.7,72.0,3557.0,80.52,5.18,3
5.36,58.75,0.7,62.0,3060.0,75.0,4.9,3
4.04,49.38,0.7,47.0,2310.0,66.67,4.48,3
6.19,64.74,0.7,72.0,3539.0,80.32,5.17,3
5.27,58.13,0.7,61.0,3010.0,74.44,4.87,3
5.03,56.46,0.7,58.0,2877.0,72.97,4.8,3
5.38,58.91,0.7,62.0,3073.0,75.14,4.91,3
5.22,57.78,0.7,60.0,2982.0,74.13,4.86,3
2.16,35.93,0.7,25.0,1234.0,54.71,3.89,3
5.69,61.13,0.7,66.0,3250.0,77.11,5.01,3
5.68,61.04,0.7,66.0,3243.0,77.03,5.0,3
5.9,62.61,0.7,68.0,3369.0,78.43,5.07,3
3.1,42.65,0.7,36.0,1772.0,60.69,4.18,3
6.09,63.98,0.7,71.0,3478.0,79.64,5.13,3
3.49,45.45,0.7,40.0,1996.0,63.18,4.31,3
4.16,50.24,0.7,48.0,2379.0,67.43,4.52,3
4.77,54.56,0.7,55.0,2725.0,71.28,4.71,3
5.02,56.35,0.7,58.0,2868.0,72.87,4.79,3
2.45,38.0,0.7,28.0,1400.0,56.56,3.98,3
2.88,41.04,0.7,33.0,1643.0,59.26,4.11,3
2.4,37.65,0.7,28.0,1372.0,56.24,3.96,3
5.67,60.99,0.7,66.0,3239.0,76.99,5.0,3
4.94,55.81,0.7,57.0,2825.0,72.39,4.77,3
4.8,54.8,0.7,56.0,2744.0,71.49,4.72,3
3.51,45.6,0.7,41.0,2008.0,63.31,4.32,3
5.11,56.98,0.7,59.0,2918.0,73.42,4.82,3
3.11,42.69,0.7,36.0,1775.0,60.72,4.19,3
5.58,60.36,0.7,65.0,3189.0,76.43,4.97,3
4.87,55.29,0.7,56.0,2783.0,71.92,4.75,3
6.02,63.53,0.7,70.0,3442.0,79.24,5.11,3
6.1,64.05,0.7,71.0,3484.0,79.71,5.14,3
5.87,62.45,0.7,68.0,3356.0,78.29,5.06,3
4.56,53.05,0.7,53.0,2604.0,69.93,4.65,3
2.25,36.6,0.7,26.0,1288.0,55.31,3.92,3
3.74,47.19,0.7,43.0,2135.0,64.72,4.39,3
5.45,59.43,0.7,63.0,3114.0,75.6,4.93,3
3.09,42.58,0.7,36.0,1766.0,60.62,4.18,3
4.65,53.71,0.7,54.0,2657.0,70.52,4.68,3
2.46,38.04,0.7,28.0,1403.0,56.59,3.98,3
4.53,52.86,0.7,52.0,2589.0,69.77,4.64,3
2.91,41.25,0.7,34.0,1660.0,59.44,4.12,3
6.01,63.4,0.7,70.0,3432.0,79.13,5.11,3
5.03,56.41,0.7,58.0,2873.0,72.92,4.8,3
5.93,62.89,0.7,69.0,3391.0,78.68,5.08,3
3.34,44.35,0.7,39.0,1908.0,62.2,4.26,3
4.78,54.65,0.7,55.0,2732.0,71.36,4.72,3
2.54,38.66,0.7,29.0,1453.0,57.14,4.01,3
3.1,42.63,0.7,36.0,1770.0,60.67,4.18,3
3.09,42.6,0.7,36.0,1768.0,60.64,4.18,3
3.1,42.68,0.7,36.0,1774.0,60.71,4.19,3
2.49,38.3,0.7,29.0,1424.0,56.82,3.99,3
3.35,44.4,0.7,39.0,1912.0,62.24,4.26,3
3.49,45.43,0.7,40.0,1994.0,63.16,4.31,3
2.5,38.38,0.7,29.0,1430.0,56.89,3.99,3
5.87,62.44,0.7,68.0,3355.0,78.28,5.06,3
3.67,46.74,0.7,43.0,2099.0,64.32,4.37,3
2.89,41.11,0.7,33.0,1649.0,59.32,4.12,3
4.21,50.58,0.7,49.0,2406.0,67.73,4.54,3
5.05,56.56,0.7,59.0,2885.0,73.06,4.8,3
3.49,45.46,0.7,40.0,1997.0,63.19,4.31,3
5.22,57.76,0.7,60.0,2981.0,74.12,4.86,3
5.34,58.61,0.7,62.0,3049.0,74.88,4.89,3
5.66,60.96,0.7,66.0,3237.0,76.97,5.0,3
5.58,60.38,0.7,65.0,3190.0,76.44,4.97,3
3.45,45.16,0.7,40.0,1973.0,62.92,4.3,3
5.73,61.44,0.7,66.0,3275.0,77.39,5.02,3
4.43,52.13,0.7,51.0,2530.0,69.11,4.61,3
3.19,43.26,0.7,37.0,1821.0,61.23,4.21,3
3.62,46.34,0.7,42.0,2067.0,63.97,4.35,3
2.58,38.95,0.7,30.0,1476.0,57.4,4.02,3
5.82,62.1,0.7,67.0,3328.0,77.98,5.05,3
5.15,57.31,0.7,60.0,2945.0,73.72,4.84,3
2.36,37.34,0.7,27.0,1347.0,55.97,3.95,3
5.75,61.55,0.7,67.0,3284.0,77.49,5.02,3
5.82,62.08,0.7,67.0,3326.0,77.96,5.05,3
3.8,47.66,0.7,44.0,2173.0,65.14,4.41,3
2.19,36.16,0.7,25.0,1253.0,54.92,3.9,3
4.38,51.79,0.7,51.0,2503.0,68.81,4.59,3
2.36,37.35,0.7,27.0,1348.0,55.98,3.95,3
5.18,57.53,0.7,60.0,2962.0,73.91,4.85,3
2.43,37.85,0.7,28.0,1388.0,56.42,3.97,3
3.46,45.21,0.7,40.0,1977.0,62.97,4.3,3
4.2,50.49,0.7,49.0,2399.0,67.66,4.53,3
2.11,35.55,0.7,24.0,1204.0,54.38,3.87,3
4.87,55.31,0.7,56.0,2785.0,71.94,4.75,3
4.07,49.54,0.7,47.0,2323.0,66.81,4.49,3
3.58,46.06,0.7,41.0,2045.0,63.72,4.34,3
2.95,41.6,0.7,34.0,1688.0,59.76,4.14,3
4.17,50.28,0.7,48.0,2382.0,67.47,4.52,3
4.31,51.3,0.7,50.0,2464.0,68.38,4.57,3
3.81,47.69,0.7,44.0,2175.0,65.17,4.41,3
4.45,52.26,0.7,52.0,2541.0,69.23,4.61,3
3.09,42.58,0.7,36.0,1766.0,60.62,4.18,3
5.48,59.65,0.7,64.0,3132.0,75.8,4.94,3
3.3,44.09,0.7,38.0,1887.0,61.97,4.25,3
4.44,52.2,0.7,51.0,2536.0,69.18,4.61,3
4.21,50.59,0.7,49.0,2407.0,67.74,4.54,3
2.24,36.51,0.7,26.0,1281.0,55.23,3.91,3
5.32,58.49,0.7,62.0,3039.0,74.77,4.89,3
5.67,60.98,0.7,66.0,3238.0,76.98,5.0,3
3.76,47.38,0.7,44.0,2150.0,64.89,4.39,3
4.46,52.36,0.7,52.0,2549.0,69.32,4.62,3
2.42,37.81,0.7,28.0,1385.0,56.39,3.97,3
3.11,42.74,0.7,36.0,1779.0,60.77,4.19,3
2.43,37.86,0.7,28.0,1389.0,56.43,3.97,3
5.88,62.48,0.7,68.0,3358.0,78.31,5.07,3
5.33,58.58,0.7,62.0,3046.0,74.84,4.89,3
4.0,49.09,0.7,46.0,2287.0,66.41,4.47,3
5.58,60.39,0.7,65.0,3191.0,76.46,4.97,3
5.41,59.18,0.7,63.0,3094.0,75.38,4.92,3
5.29,58.29,0.7,61.0,3023.0,74.59,4.88,3
5.99,63.25,0.7,69.0,3420.0,79.0,5.1,3
5.75,61.58,0.7,67.0,3286.0,77.51,5.03,3
3.26,43.75,0.7,38.0,1860.0,61.67,4.23,3
5.14,57.24,0.7,60.0,2939.0,73.66,4.83,3
4.96,55.95,0.7,58.0,2836.0,72.51,4.78,3
3.8,47.64,0.7,44.0,2171.0,65.12,4.41,3
4.45,52.3,0.7,52.0,2544.0,69.27,4.61,3
4.62,53.53,0.7,54.0,2642.0,70.36,4.67,3
6.15,64.4,0.7,71.0,3512.0,80.02,5.15,3
5.2,57.64,0.7,60.0,2971.0,74.01,4.85,3
5.7,61.19,0.7,66.0,3255.0,77.17,5.01,3
5.5,59.81,0.7,64.0,3145.0,75.94,4.95,3
3.36,44.51,0.7,39.0,1921.0,62.34,4.27,3
4.34,51.51,0.7,50.0,2481.0,68.57,4.58,3
2.24,36.49,0.7,26.0,1279.0,55.21,3.91,3
2.42,37.79,0.7,28.0,1383.0,56.37,3.97,3
3.93,48.6,0.7,46.0,2248.0,65.98,4.45,3
5.06,56.64,0.7,59.0,2891.0,73.12,4.81,3
3.37,44.6,0.7,39.0,1928.0,62.42,4.27,3
2.29,36.83,0.7,26.0,1306.0,55.51,3.93,3
6.03,63.56,0.7,70.0,3445.0,79.28,5.11,3
5.86,62.39,0.7,68.0,3351.0,78.23,5.06,3
5.79,61.88,0.7,67.0,3310.0,77.78,5.04,3
3.3,44.09,0.7,38.0,1887.0,61.97,4.25,3
2.89,41.13,0.7,33.0,1650.0,59.33,4.12,3
5.58,60.38,0.7,65.0,3190.0,76.44,4.97,3
3.88,48.19,0.7,45.0,2215.0,65.61,4.43,3
5.86,62.38,0.7,68.0,3350.0,78.22,5.06,3
2.27,36.69,0.7,26.0,1295.0,55.39,3.92,3
4.98,56.06,0.7,58.0,2845.0,72.61,4.78,3
4.05,49.4,0.7,47.0,2312.0,66.69,4.48,3
4.27,51.0,0.7,49.0,2440.0,68.11,4.56,3
2.42,37.78,0.7,28.0,1382.0,56.36,3.97,3
3.43,44.98,0.7,40.0,1958.0,62.76,4.29,3
3.57,46.03,0.7,41.0,2042.0,63.69,4.33,3
5.91,62.7,0.7,68.0,3376.0,78.51,5.08,3
3.58,46.08,0.7,41.0,2046.0,63.73,4.34,3
3.37,44.59,0.7,39.0,1927.0,62.41,4.27,3
2.76,40.2,0.7,32.0,1576.0,58.51,4.08,3
3.84,47.96,0.7,45.0,2197.0,65.41,4.42,3
3.74,47.24,0.7,43.0,2139.0,64.77,4.39,3
5.33,58.54,0.7,62.0,3043.0,74.81,4.89,3
4.1,49.79,0.7,48.0,2343.0,67.03,4.5,3
3.61,46.3,0.7,42.0,2064.0,63.93,4.35,3
3.21,43.46,0.7,37.0,1837.0,61.41,4.22,3
4.21,50.56,0.7,49.0,2405.0,67.72,4.54,3
3.09,42.6,0.7,36.0,1768.0,60.64,4.18,3
5.55,60.18,0.7,64.0,3174.0,76.27,4.96,3
6.2,64.78,0.7,72.0,3542.0,80.36,5.17,3
3.09,42.6,0.7,36.0,1768.0,60.64,4.18,3
5.22,57.8,0.7,61.0,2984.0,74.16,4.86,3
2.4,37.61,0.7,28.0,1369.0,56.21,3.96,3
4.97,55.99,0.7,58.0,2839.0,72.54,4.78,3
2.18,36.08,0.7,25.0,1246.0,54.84,3.89,3
4.49,52.54,0.7,52.0,2563.0,69.48,4.62,3
2.45,38.0,0.7,28.0,1400.0,56.56,3.98,3
4.6,53.38,0.7,53.0,2630.0,70.22,4.66,3
5.89,62.56,0.7,68.0,3365.0,78.39,5.07,3
3.66,46.68,0.7,42.0,2094.0,64.27,4.36,3
6.07,63.85,0.7,70.0,3468.0,79.53,5.13,3
2.54,38.64,0.7,29.0,1451.0,57.12,4.01,3
5.64,60.76,0.7,65.0,3221.0,76.79,4.99,3
4.73,54.25,0.7,55.0,2700.0,71.0,4.7,3
4.31,51.3,0.7,50.0,2464.0,68.38,4.57,3
4.91,55.6,0.7,57.0,2808.0,72.2,4.76,3
4.11,49.85,0.7,48.0,2348.0,67.09,4.5,3
6.2,64.79,0.7,72.0,3543.0,80.37,5.17,3
2.97,41.73,0.7,34.0,1698.0,59.87,4.14,3
2.14,35.8,0.7,25.0,1224.0,54.6,3.88,3
4.87,55.3,0.7,56.0,2784.0,71.93,4.75,3
6.07,63.83,0.7,70.0,3466.0,79.51,5.13,3
2.57,38.86,0.7,30.0,1469.0,57.32,4.02,3
4.87,55.31,0.7,56.0,2785.0,71.94,4.75,3
4.88,55.34,0.7,57.0,2787.0,71.97,4.75,3
3.71,46.99,0.7,43.0,2119.0,64.54,4.38,3
5.96,63.06,0.7,69.0,3405.0,78.83,5.09,3
2.47,38.11,0.7,29.0,1409.0,56.66,3.98,3
4.83,55.0,0.7,56.0,2760.0,71.67,4.73,3
3.64,46.49,0.7,42.0,2079.0,64.1,4.36,3
4.03,49.26,0.7,47.0,2301.0,66.57,4.48,3
4.39,51.89,0.7,51.0,2511.0,68.9,4.6,3
5.34,58.64,0.7,62.0,3051.0,74.9,4.9,3
5.56,60.24,0.7,64.0,3179.0,76.32,4.97,3
6.06,63.81,0.7,70.0,3465.0,79.5,5.13,3
5.12,57.08,0.7,59.0,2926.0,73.51,4.83,3
4.58,53.2,0.7,53.0,2616.0,70.07,4.65,3
6.05,63.71,0.7,70.0,3457.0,79.41,5.12,3
2.83,40.69,0.7,33.0,1615.0,58.94,4.1,3
6.19,64.71,0.7,72.0,3537.0,80.3,5.17,3
2.43,37.89,0.7,28.0,1391.0,56.46,3.97,3
5.26,58.1,0.7,61.0,3008.0,74.42,4.87,3
3.38,44.65,0.7,39.0,1932.0,62.47,4.27,3
4.35,51.55,0.7,50.0,2484.0,68.6,4.58,3
4.25,50.84,0.7,49.0,2427.0,67.97,4.55,3
4.27,51.01,0.7,49.0,2441.0,68.12,4.56,3
2.23,36.41,0.7,26.0,1273.0,55.14,3.91,3
5.16,57.39,0.7,60.0,2951.0,73.79,4.84,3
3.78,47.53,0.7,44.0,2162.0,65.02,4.4,3
6.18,64.63,0.7,72.0,3530.0,80.22,5.16,3
5.24,57.9,0.7,61.0,2992.0,74.24,4.86,3
2.5,38.34,0.7,29.0,1427.0,56.86,3.99,3
2.28,36.76,0.7,26.0,1301.0,55.46,3.92,3
2.28,36.8,0.7,26.0,1304.0,55.49,3.92,3
5.82,62.09,0.7,67.0,3327.0,77.97,5.05,3
2.31,37.03,0.7,27.0,1322.0,55.69,3.93,3
2.86,40.96,0.7,33.0,1637.0,59.19,4.11,3
6.16,64.49,0.7,71.0,3519.0,80.1,5.16,3
4.03,49.3,0.7,47.0,2304.0,66.6,4.48,3
4.47,52.44,0.7,52.0,2555.0,69.39,4.62,3
5.08,56.79,0.7,59.0,2903.0,73.26,4.81,3
5.43,59.28,0.7,63.0,3102.0,75.47,4.92,3
2.24,36.51,0.7,26.0,1281.0,55.23,3.91,3
5.55,60.14,0.7,64.0,3171.0,76.23,4.96,3
5.99,63.3,0.7,69.0,3424.0,79.04,5.1,3
4.6,53.39,0.7,53.0,2631.0,70.23,4.66,3
5.18,57.5,0.7,60.0,2960.0,73.89,4.84,3
5.96,63.05,0.7,69.0,3404.0,78.82,5.09,3
3.32,44.19,0.7,38.0,1895.0,62.06,4.25,3
3.89,48.26,0.7,45.0,2221.0,65.68,4.43,3
2.63,39.3,0.7,30.0,1504.0,57.71,4.04,3
5.59,60.46,0.7,65.0,3197.0,76.52,4.98,3
5.76,61.68,0.7,67.0,3294.0,77.6,5.03,3
3.49,45.43,0.7,40.0,1994.0,63.16,4.31,3
3.2,43.36,0.7,37.0,1829.0,61.32,4.22,3
2.92,41.35,0.7,34.0,1668.0,59.53,4.13,3
5.25,57.99,0.7,61.0,2999.0,74.32,4.87,3
5.7,61.23,0.7,66.0,3258.0,77.2,5.01,3
4.46,52.35,0.7,52.0,2548.0,69.31,4.62,3
4.48,52.49,0.7,52.0,2559.0,69.43,4.62,3
2.2,36.21,0.7,25.0,1257.0,54.97,3.9,3
2.12,35.65,0.7,25.0,1212.0,54.47,3.87,3
5.37,58.85,0.7,62.0,3068.0,75.09,4.9,3
4.12,49.9,0.7,48.0,2352.0,67.13,4.51,3
3.13,42.88,0.7,36.0,1790.0,60.89,4.19,3
4.72,54.24,0.7,55.0,2699.0,70.99,4.7,3
5.49,59.74,0.7,64.0,3139.0,75.88,4.94,3
2.77,40.29,0.7,32.0,1583.0,58.59,4.08,3
3.97,48.88,0.7,46.0,2270.0,66.22,4.46,3
3.68,46.75,0.7,43.0,2100.0,64.33,4.37,3
2.38,37.51,0.7,28.0,1361.0,56.12,3.96,3
3.18,43.24,0.7,37.0,1819.0,61.21,4.21,3
3.49,45.4,0.7,40.0,1992.0,63.13,4.31,3
6.15,64.45,0.7,71.0,3516.0,80.07,5.15,3
3.5,45.48,0.7,41.0,1998.0,63.2,4.31,3
3.48,45.36,0.7,40.0,1989.0,63.1,4.31,3
5.0,56.2,0.7,58.0,2856.0,72.73,4.79,3
5.01,56.26,0.7,58.0,2861.0,72.79,4.79,3
2.5,38.36,0.7,29.0,1429.0,56.88,3.99,3
4.77,54.56,0.7,55.0,2725.0,71.28,4.71,3
5.51,59.86,0.7,64.0,3149.0,75.99,4.95,3
3.11,42.7,0.7,36.0,1776.0,60.73,4.19,3
5.46,59.51,0.7,63.0,3121.0,75.68,4.93,3
3.14,42.95,0.7,36.0,1796.0,60.96,4.2,3
1.2,35.93,0.7,15.57,1274.0,54.16,2.71,4
1.26,36.73,0.7,16.35,1338.0,54.87,2.74,4
2.48,52.85,0.7,32.12,2628.0,69.2,3.46,4
1.69,42.34,0.7,21.84,1787.0,59.86,2.99,4
1.95,45.81,0.7,25.24,2065.0,62.94,3.15,4
1.84,44.35,0.7,23.81,1948.0,61.64,3.08,4
1.77,43.38,0.7,22.86,1870.0,60.78,3.04,4
1.34,37.75,0.7,17.36,1420.0,55.78,2.79,4
1.97,46.05,0.7,25.47,2084.0,63.16,3.16,4
1.86,44.64,0.7,24.09,1971.0,61.9,3.1,4
1.78,43.58,0.7,23.05,1886.0,60.96,3.05,4
1.99,46.34,0.7,25.75,2107.0,63.41,3.17,4
1.32,37.46,0.7,17.07,1397.0,55.52,2.78,4
1.63,41.54,0.7,21.06,1723.0,59.14,2.96,4
1.58,40.89,0.7,20.42,1671.0,58.57,2.93,4
1.75,43.14,0.7,22.62,1851.0,60.57,3.03,4
1.71,42.6,0.7,22.1,1808.0,60.09,3.0,4
2.89,58.23,0.7,37.38,3058.0,73.98,3.7,4
2.04,47.01,0.7,26.41,2161.0,64.01,3.2,4
1.84,44.38,0.7,23.83,1950.0,61.67,3.08,4
2.03,46.83,0.7,26.23,2146.0,63.84,3.19,4
1.36,38.06,0.7,17.66,1445.0,56.06,2.8,4
1.82,44.11,0.7,23.58,1929.0,61.43,3.07,4
2.77,56.63,0.7,35.81,2930.0,72.56,3.63,4
1.28,36.9,0.7,16.52,1352.0,55.02,2.75,4
3.23,62.76,0.7,41.81,3421.0,78.01,3.9,4
2.07,47.35,0.7,26.74,2188.0,64.31,3.22,4
1.34,37.76,0.7,17.37,1421.0,55.79,2.79,4
2.25,49.83,0.7,29.16,2386.0,66.51,3.33,4
1.37,38.14,0.7,17.73,1451.0,56.12,2.81,4
2.98,59.5,0.7,38.62,3160.0,75.11,3.76,4
1.57,40.84,0.7,20.37,1667.0,58.52,2.93,4
2.59,54.29,0.7,33.53,2743.0,70.48,3.52,4
1.28,36.95,0.7,16.57,1356.0,55.07,2.75,4
1.54,40.39,0.7,19.93,1631.0,58.12,2.91,4
2.76,56.58,0.7,35.76,2926.0,72.51,3.63,4
1.72,42.78,0.7,22.27,1822.0,60.24,3.01,4
1.61,41.26,0.7,20.79,1701.0,58.9,2.95,4
2.98,59.49,0.7,38.61,3159.0,75.1,3.76,4
1.83,44.26,0.7,23.72,1941.0,61.57,3.08,4
2.28,50.11,0.7,29.44,2409.0,66.77,3.34,4
2.69,55.66,0.7,34.87,2853.0,71.7,3.59,4
3.33,64.03,0.7,43.05,3522.0,79.13,3.96,4
1.78,43.58,0.7,23.05,1886.0,60.96,3.05,4
1.89,45.06,0.7,24.51,2005.0,62.28,3.11,4
1.93,45.58,0.7,25.01,2046.0,62.73,3.14,4
2.53,53.43,0.7,32.68,2674.0,69.71,3.49,4
1.87,44.79,0.7,24.24,1983.0,62.03,3.1,4
1.89,44.98,0.7,24.42,1998.0,62.2,3.11,4
2.25,49.74,0.7,29.08,2379.0,66.43,3.32,4
2.93,58.83,0.7,37.96,3106.0,74.51,3.73,4
3.35,64.29,0.7,43.3,3543.0,79.37,3.97,4
2.93,58.83,0.7,37.96,3106.0,74.51,3.73,4
1.74,43.06,0.7,22.55,1845.0,60.5,3.03,4
2.71,55.88,0.7,35.08,2870.0,71.89,3.59,4
2.69,55.66,0.7,34.87,2853.0,71.7,3.59,4
1.19,35.73,0.7,15.38,1258.0,53.98,2.7,4
1.34,37.78,0.7,17.38,1422.0,55.8,2.79,4
2.75,56.43,0.7,35.62,2914.0,72.38,3.62,4
3.26,63.13,0.7,42.17,3450.0,78.33,3.92,4
2.87,58.03,0.7,37.18,3042.0,73.8,3.69,4
2.35,51.06,0.7,30.37,2485.0,67.61,3.38,4
2.65,55.08,0.7,34.3,2806.0,71.18,3.56,4
2.11,47.96,0.7,27.34,2237.0,64.86,3.24,4
2.33,50.83,0.7,30.14,2466.0,67.4,3.37,4
3.23,62.74,0.7,41.79,3419.0,77.99,3.9,4
1.35,37.86,0.7,17.47,1429.0,55.88,2.79,4
1.65,41.86,0.7,21.38,1749.0,59.43,2.97,4
1.94,45.65,0.7,25.08,2052.0,62.8,3.14,4
2.92,58.69,0.7,37.83,3095.0,74.39,3.72,4
3.21,62.54,0.7,41.59,3403.0,77.81,3.89,4
3.05,60.35,0.7,39.45,3228.0,75.87,3.79,4
2.37,51.43,0.7,30.73,2514.0,67.93,3.4,4
1.55,40.5,0.7,20.04,1640.0,58.22,2.91,4
2.31,50.64,0.7,29.96,2451.0,67.23,3.36,4
3.14,61.51,0.7,40.59,3321.0,76.9,3.85,4
2.85,57.66,0.7,36.83,3013.0,73.48,3.67,4
1.58,40.89,0.7,20.42,1671.0,58.57,2.93,4
2.85,57.76,0.7,36.92,3021.0,73.57,3.68,4
2.79,56.91,0.7,36.09,2953.0,72.81,3.64,4
3.37,64.55,0.7,43.56,3564.0,79.6,3.98,4
1.44,39.03,0.7,18.6,1522.0,56.91,2.85,4
2.62,54.66,0.7,33.89,2773.0,70.81,3.54,4
2.01,46.54,0.7,25.95,2123.0,63.59,3.18,4
1.89,45.08,0.7,24.52,2006.0,62.29,3.11,4
3.32,63.89,0.7,42.91,3511.0,79.01,3.95,4
2.8,57.1,0.7,36.28,2968.0,72.98,3.65,4
2.0,46.44,0.7,25.85,2115.0,63.5,3.18,4
2.6,54.39,0.7,33.62,2751.0,70.57,3.53,4
2.36,51.25,0.7,30.56,2500.0,67.78,3.39,4
1.73,42.86,0.7,22.35,1829.0,60.32,3.02,4
1.43,38.88,0.7,18.46,1510.0,56.78,2.84,4
2.8,57.05,0.7,36.23,2964.0,72.93,3.65,4
1.65,41.89,0.7,21.4,1751.0,59.46,2.97,4
1.32,37.53,0.7,17.14,1402.0,55.58,2.78,4
3.02,59.99,0.7,39.1,3199.0,75.54,3.78,4
1.44,39.1,0.7,18.68,1528.0,56.98,2.85,4
1.21,36.05,0.7,15.69,1284.0,54.27,2.71,4
1.48,39.54,0.7,19.1,1563.0,57.37,2.87,4
2.2,49.16,0.7,28.51,2333.0,65.92,3.3,4
1.4,38.49,0.7,18.08,1479.0,56.43,2.82,4
1.85,44.45,0.7,23.91,1956.0,61.73,3.09,4
3.25,63.06,0.7,42.11,3445.0,78.28,3.91,4
2.08,47.55,0.7,26.94,2204.0,64.49,3.22,4
3.0,59.73,0.7,38.84,3178.0,75.31,3.77,4
2.13,48.23,0.7,27.6,2258.0,65.09,3.25,4
1.76,43.3,0.7,22.78,1864.0,60.71,3.04,4
1.67,42.1,0.7,21.61,1768.0,59.64,2.98,4
2.22,49.44,0.7,28.78,2355.0,66.17,3.31,4
2.57,53.96,0.7,33.21,2717.0,70.19,3.51,4
3.27,63.28,0.7,42.31,3462.0,78.47,3.92,4
1.33,37.56,0.7,17.17,1405.0,55.61,2.78,4
2.86,57.89,0.7,37.05,3031.0,73.68,3.68,4
2.24,49.61,0.7,28.95,2369.0,66.32,3.32,4
1.16,35.3,0.7,14.96,1224.0,53.6,2.68,4
1.23,36.34,0.7,15.97,1307.0,54.52,2.73,4
1.6,41.14,0.7,20.67,1691.0,58.79,2.94,4
1.25,36.58,0.7,16.21,1326.0,54.73,2.74,4
3.26,63.18,0.7,42.22,3454.0,78.38,3.92,4
3.27,63.28,0.7,42.31,3462.0,78.47,3.92,4
3.2,62.35,0.7,41.41,3388.0,77.64,3.88,4
1.25,36.54,0.7,16.17,1323.0,54.7,2.74,4
2.04,46.95,0.7,26.35,2156.0,63.96,3.2,4
2.72,55.94,0.7,35.14,2875.0,71.94,3.6,4
2.02,46.69,0.7,26.09,2135.0,63.72,3.19,4
1.96,45.93,0.7,25.35,2074.0,63.04,3.15,4
2.12,48.04,0.7,27.41,2243.0,64.92,3.25,4
1.82,44.13,0.7,23.59,1930.0,61.44,3.07,4
2.13,48.24,0.7,27.61,2259.0,65.1,3.26,4
3.06,60.5,0.7,39.6,3240.0,76.0,3.8,4
1.78,43.58,0.7,23.05,1886.0,60.96,3.05,4
3.18,62.14,0.7,41.2,3371.0,77.46,3.87,4
2.82,57.26,0.7,36.43,2981.0,73.12,3.66,4
1.67,42.09,0.7,21.6,1767.0,59.63,2.98,4
1.5,39.9,0.7,19.46,1592.0,57.69,2.88,4
1.91,45.26,0.7,24.7,2021.0,62.46,3.12,4
2.9,58.33,0.7,37.47,3066.0,74.07,3.7,4
3.32,63.88,0.7,42.9,3510.0,79.0,3.95,4
2.01,46.64,0.7,26.05,2131.0,63.68,3.18,4
2.26,49.85,0.7,29.19,2388.0,66.53,3.33,4
1.24,36.35,0.7,15.99,1308.0,54.53,2.73,4
2.85,57.73,0.7,36.89,3018.0,73.53,3.68,4
1.72,42.83,0.7,22.32,1826.0,60.29,3.01,4
1.16,35.31,0.7,14.97,1225.0,53.61,2.68,4
2.3,50.38,0.7,29.7,2430.0,67.0,3.35,4
3.05,60.43,0.7,39.53,3234.0,75.93,3.8,4
2.09,47.66,0.7,27.05,2213.0,64.59,3.23,4
2.03,46.84,0.7,26.24,2147.0,63.86,3.19,4
2.4,51.79,0.7,31.08,2543.0,68.26,3.41,4
2.05,47.18,0.7,26.57,2174.0,64.16,3.21,4
1.96,45.88,0.7,25.3,2070.0,63.0,3.15,4
3.32,63.88,0.7,42.9,3510.0,79.0,3.95,4
2.01,46.54,0.7,25.95,2123.0,63.59,3.18,4
3.23,62.78,0.7,41.82,3422.0,78.02,3.9,4
2.21,49.3,0.7,28.65,2344.0,66.04,3.3,4
3.2,62.39,0.7,41.45,3391.0,77.68,3.88,4
1.6,41.11,0.7,20.64,1689.0,58.77,2.94,4
2.66,55.15,0.7,34.37,2812.0,71.24,3.56,4
3.08,60.81,0.7,39.91,3265.0,76.28,3.81,4
2.67,55.35,0.7,34.56,2828.0,71.42,3.57,4
2.2,49.06,0.7,28.42,2325.0,65.83,3.29,4
1.71,42.69,0.7,22.18,1815.0,60.17,3.01,4
2.61,54.49,0.7,33.72,2759.0,70.66,3.53,4
1.87,44.78,0.7,24.22,1982.0,62.02,3.1,4
1.15,35.19,0.7,14.85,1215.0,53.5,2.68,4
2.45,52.4,0.7,31.68,2592.0,68.8,3.44,4
3.06,60.5,0.7,39.6,3240.0,76.0,3.8,4
2.95,59.05,0.7,38.18,3124.0,74.71,3.74,4
1.65,41.78,0.7,21.29,1742.0,59.36,2.97,4
1.58,40.85,0.7,20.39,1668.0,58.53,2.93,4
1.85,44.46,0.7,23.92,1957.0,61.74,3.09,4
1.39,38.38,0.7,17.97,1470.0,56.33,2.82,4
2.35,51.06,0.7,30.37,2485.0,67.61,3.38,4
1.74,43.0,0.7,22.49,1840.0,60.44,3.02,4
2.4,51.8,0.7,31.09,2544.0,68.27,3.41,4
1.45,39.25,0.7,18.82,1540.0,57.11,2.86,4
1.41,38.71,0.7,18.3,1497.0,56.63,2.83,4
2.96,59.18,0.7,38.3,3134.0,74.82,3.74,4
1.55,40.55,0.7,20.09,1644.0,58.27,2.91,4
3.36,64.41,0.7,43.43,3553.0,79.48,3.97,4
3.31,63.8,0.7,42.83,3504.0,78.93,3.95,4
3.28,63.4,0.7,42.44,3472.0,78.58,3.93,4
2.31,50.55,0.7,29.87,2444.0,67.16,3.36,4
1.53,40.3,0.7,19.85,1624.0,58.04,2.9,4
1.69,42.41,0.7,21.91,1793.0,59.92,3.0,4
2.95,59.04,0.7,38.17,3123.0,74.7,3.74,4
2.6,54.38,0.7,33.61,2750.0,70.56,3.53,4
1.29,37.05,0.7,16.67,1364.0,55.16,2.76,4
2.72,55.96,0.7,35.16,2877.0,71.97,3.6,4
1.75,43.2,0.7,22.68,1856.0,60.62,3.03,4
1.4,38.51,0.7,18.1,1481.0,56.46,2.82,4
3.19,62.21,0.7,41.27,3377.0,77.52,3.88,4
2.08,47.51,0.7,26.9,2201.0,64.46,3.22,4
2.64,54.9,0.7,34.12,2792.0,71.02,3.55,4
1.85,44.51,0.7,23.97,1961.0,61.79,3.09,4
1.53,40.23,0.7,19.78,1618.0,57.98,2.9,4
1.99,46.39,0.7,25.8,2111.0,63.46,3.17,4
3.02,59.96,0.7,39.07,3197.0,75.52,3.78,4
3.31,63.76,0.7,42.79,3501.0,78.9,3.95,4
2.96,59.2,0.7,38.33,3136.0,74.84,3.74,4
2.35,51.1,0.7,30.41,2488.0,67.64,3.38,4
1.46,39.36,0.7,18.93,1549.0,57.21,2.86,4
2.21,49.19,0.7,28.54,2335.0,65.94,3.3,4
1.83,44.28,0.7,23.74,1942.0,61.58,3.08,4
2.88,58.13,0.7,37.28,3050.0,73.89,3.69,4
2.13,48.14,0.7,27.51,2251.0,65.01,3.25,4
2.69,55.64,0.7,34.85,2851.0,71.68,3.58,4
1.78,43.58,0.7,23.05,1886.0,60.96,3.05,4
2.94,58.96,0.7,38.1,3117.0,74.63,3.73,4
1.99,46.38,0.7,25.79,2110.0,63.44,3.17,4
2.26,49.9,0.7,29.24,2392.0,66.58,3.33,4
3.15,61.73,0.7,40.8,3338.0,77.09,3.85,4
2.91,58.46,0.7,37.61,3077.0,74.19,3.71,4
1.75,43.11,0.7,22.6,1849.0,60.54,3.03,4
1.68,42.26,0.7,21.77,1781.0,59.79,2.99,4
1.87,44.74,0.7,24.19,1979.0,61.99,3.1,4
1.68,42.21,0.7,21.72,1777.0,59.74,2.99,4
2.08,47.58,0.7,26.96,2206.0,64.51,3.23,4
1.75,43.15,0.7,22.64,1852.0,60.58,3.03,4
2.12,48.0,0.7,27.38,2240.0,64.89,3.24,4
2.46,52.59,0.7,31.86,2607.0,68.97,3.45,4
2.06,47.24,0.7,26.63,2179.0,64.21,3.21,4
1.26,36.65,0.7,16.28,1332.0,54.8,2.74,4
2.47,52.68,0.7,31.95,2614.0,69.04,3.45,4
2.95,59.1,0.7,38.23,3128.0,74.76,3.74,4
3.15,61.64,0.7,40.71,3331.0,77.01,3.85,4
1.16,35.33,0.7,14.98,1226.0,53.62,2.68,4
2.62,54.74,0.7,33.97,2779.0,70.88,3.54,4
1.5,39.89,0.7,19.45,1591.0,57.68,2.88,4
3.27,63.29,0.7,42.33,3463.0,78.48,3.92,4
1.76,43.3,0.7,22.78,1864.0,60.71,3.04,4
2.21,49.29,0.7,28.64,2343.0,66.03,3.3,4
1.74,43.09,0.7,22.57,1847.0,60.52,3.03,4
2.22,49.33,0.7,28.67,2346.0,66.07,3.3,4
3.02,60.03,0.7,39.14,3202.0,75.58,3.78,4
2.2,49.13,0.7,28.48,2330.0,65.89,3.29,4
2.94,58.93,0.7,38.06,3114.0,74.6,3.73,4
3.25,62.95,0.7,42.0,3436.0,78.18,3.91,4
2.27,50.01,0.7,29.35,2401.0,66.68,3.33,4
1.44,39.03,0.7,18.6,1522.0,56.91,2.85,4
2.43,52.18,0.7,31.46,2574.0,68.6,3.43,4
1.44,39.1,0.7,18.68,1528.0,56.98,2.85,4
2.03,46.84,0.7,26.24,2147.0,63.86,3.19,4
2.75,56.45,0.7,35.64,2916.0,72.4,3.62,4
2.49,52.91,0.7,32.18,2633.0,69.26,3.46,4
3.0,59.65,0.7,38.77,3172.0,75.24,3.76,4
1.3,37.25,0.7,16.87,1380.0,55.33,2.77,4
1.72,42.74,0.7,22.23,1819.0,60.21,3.01,4
3.33,64.08,0.7,43.1,3526.0,79.18,3.96,4
3.17,62.01,0.7,41.08,3361.0,77.34,3.87,4
1.22,36.2,0.7,15.84,1296.0,54.4,2.72,4
1.62,41.4,0.7,20.92,1712.0,59.02,2.95,4
2.01,46.6,0.7,26.01,2128.0,63.64,3.18,4
1.4,38.48,0.7,18.06,1478.0,56.42,2.82,4
2.83,57.48,0.7,36.64,2998.0,73.31,3.67,4
2.2,49.11,0.7,28.47,2329.0,65.88,3.29,4
2.42,51.98,0.7,31.26,2558.0,68.42,3.42,4
1.78,43.5,0.7,22.98,1880.0,60.89,3.04,4
2.69,55.61,0.7,34.82,2849.0,71.66,3.58,4
2.9,58.34,0.7,37.49,3067.0,74.08,3.7,4
3.02,59.99,0.7,39.1,3199.0,75.54,3.78,4
2.12,48.03,0.7,27.4,2242.0,64.91,3.25,4
2.18,48.89,0.7,28.25,2311.0,65.68,3.28,4
1.34,37.68,0.7,17.28,1414.0,55.71,2.79,4
1.38,38.2,0.7,17.8,1456.0,56.18,2.81,4
1.86,44.56,0.7,24.02,1965.0,61.83,3.09,4
2.23,49.55,0.7,28.89,2364.0,66.27,3.31,4
2.03,46.9,0.7,26.3,2152.0,63.91,3.2,4
3.1,61.09,0.7,40.17,3287.0,76.52,3.83,4
1.34,37.7,0.7,17.31,1416.0,55.73,2.79,4
1.24,36.38,0.7,16.01,1310.0,54.56,2.73,4
1.37,38.1,0.7,17.7,1448.0,56.09,2.8,4
3.07,60.65,0.7,39.75,3252.0,76.13,3.81,4
1.21,35.98,0.7,15.62,1278.0,54.2,2.71,4
2.46,52.56,0.7,31.84,2605.0,68.94,3.45,4
1.53,40.25,0.7,19.8,1620.0,58.0,2.9,4
1.33,37.66,0.7,17.27,1413.0,55.7,2.79,4
1.74,42.99,0.7,22.48,1839.0,60.43,3.02,4
2.84,57.54,0.7,36.7,3003.0,73.37,3.67,4
2.15,48.45,0.7,27.82,2276.0,65.29,3.26,4
1.66,42.01,0.7,21.52,1761.0,59.57,2.98,4
2.29,50.35,0.7,29.68,2428.0,66.98,3.35,4
2.38,51.49,0.7,30.79,2519.0,67.99,3.4,4
3.07,60.58,0.7,39.67,3246.0,76.07,3.8,4
1.28,36.93,0.7,16.55,1354.0,55.04,2.75,4
1.28,36.96,0.7,16.59,1357.0,55.08,2.75,4
2.56,53.9,0.7,33.15,2712.0,70.13,3.51,4
2.23,49.45,0.7,28.8,2356.0,66.18,3.31,4
1.63,41.54,0.7,21.06,1723.0,59.14,2.96,4
1.54,40.43,0.7,19.97,1634.0,58.16,2.91,4
3.08,60.8,0.7,39.89,3264.0,76.27,3.81,4
1.96,45.89,0.7,25.31,2071.0,63.01,3.15,4
2.58,54.19,0.7,33.43,2735.0,70.39,3.52,4
2.08,47.5,0.7,26.89,2200.0,64.44,3.22,4
2.28,50.24,0.7,29.57,2419.0,66.88,3.34,4
3.18,62.13,0.7,41.19,3370.0,77.44,3.87,4
1.78,43.51,0.7,22.99,1881.0,60.9,3.05,4
2.67,55.3,0.7,34.52,2824.0,71.38,3.57,4
1.46,39.39,0.7,18.96,1551.0,57.23,2.86,4
2.28,50.18,0.7,29.5,2414.0,66.82,3.34,4
1.54,40.38,0.7,19.92,1630.0,58.11,2.91,4
2.75,56.34,0.7,35.53,2907.0,72.3,3.62,4
1.68,42.3,0.7,21.8,1784.0,59.82,2.99,4
1.23,36.31,0.7,15.95,1305.0,54.5,2.73,4
1.43,38.86,0.7,18.44,1509.0,56.77,2.84,4
2.99,59.64,0.7,38.76,3171.0,75.23,3.76,4
2.63,54.76,0.7,33.99,2781.0,70.9,3.55,5
2.88,58.09,0.7,37.24,3047.0,73.86,3.69,5
3.18,62.03,0.7,41.09,3362.0,77.36,3.87,5
2.04,46.94,0.7,26.34,2155.0,63.94,3.2,5
1.47,39.41,0.7,18.98,1553.0,57.26,2.86,5
1.15,35.26,0.7,14.92,1221.0,53.57,2.68,5
1.19,35.75,0.7,15.4,1260.0,54.0,2.7,5
2.05,47.09,0.7,26.49,2167.0,64.08,3.2,5
3.21,62.43,0.7,41.48,3394.0,77.71,3.89,5
3.35,64.39,0.7,43.4,3551.0,79.46,3.97,5
2.72,55.95,0.7,35.15,2876.0,71.96,3.6,5
2.56,53.86,0.7,33.11,2709.0,70.1,3.51,5
2.16,48.63,0.7,27.99,2290.0,65.44,3.27,5
3.35,64.28,0.7,43.29,3542.0,79.36,3.97,5
1.17,35.55,0.7,15.2,1244.0,53.82,2.69,5
2.89,58.23,0.7,37.38,3058.0,73.98,3.7,5
2.31,50.61,0.7,29.93,2449.0,67.21,3.36,5
1.81,43.98,0.7,23.44,1918.0,61.31,3.07,5
2.99,59.54,0.7,38.66,3163.0,75.14,3.76,5
1.36,38.03,0.7,17.62,1442.0,56.02,2.8,5
2.09,47.63,0.7,27.01,2210.0,64.56,3.23,5
1.74,42.98,0.7,22.46,1838.0,60.42,3.02,5
1.4,38.5,0.7,18.09,1480.0,56.44,2.82,5
2.68,55.45,0.7,34.66,2836.0,71.51,3.58,5
2.77,56.69,0.7,35.87,2935.0,72.61,3.63,5
1.51,39.93,0.7,19.48,1594.0,57.71,2.89,5
1.69,42.33,0.7,21.83,1786.0,59.84,2.99,5
2.22,49.35,0.7,28.7,2348.0,66.09,3.3,5
2.63,54.81,0.7,34.04,2785.0,70.94,3.55,5
2.18,48.91,0.7,28.27,2313.0,65.7,3.29,5
1.54,40.39,0.7,19.93,1631.0,58.12,2.91,5
1.64,41.66,0.7,21.18,1733.0,59.26,2.96,5
2.38,51.54,0.7,30.84,2523.0,68.03,3.4,5
1.87,44.78,0.7,24.22,1982.0,62.02,3.1,5
2.43,52.14,0.7,31.42,2571.0,68.57,3.43,5
1.61,41.26,0.7,20.79,1701.0,58.9,2.95,5
1.88,44.94,0.7,24.38,1995.0,62.17,3.11,5
2.43,52.14,0.7,31.42,2571.0,68.57,3.43,5
1.77,43.45,0.7,22.93,1876.0,60.84,3.04,5
2.32,50.73,0.7,30.04,2458.0,67.31,3.37,5
3.01,59.79,0.7,38.9,3183.0,75.37,3.77,5
1.48,39.55,0.7,19.12,1564.0,57.38,2.87,5
2.04,46.98,0.7,26.38,2158.0,63.98,3.2,5
1.72,42.74,0.7,22.23,1819.0,60.21,3.01,5
2.09,47.69,0.7,27.07,2215.0,64.61,3.23,5
1.5,39.9,0.7,19.46,1592.0,57.69,2.88,5
2.76,56.58,0.7,35.76,2926.0,72.51,3.63,5
2.19,48.96,0.7,28.32,2317.0,65.74,3.29,5
3.21,62.44,0.7,41.49,3395.0,77.72,3.89,5
2.08,47.49,0.7,26.88,2199.0,64.43,3.22,5
2.81,57.23,0.7,36.4,2978.0,73.09,3.65,5
1.2,35.9,0.7,15.55,1272.0,54.13,2.71,5
3.14,61.55,0.7,40.63,3324.0,76.93,3.85,5
3.23,62.69,0.7,41.74,3415.0,77.94,3.9,5
1.79,43.71,0.7,23.19,1897.0,61.08,3.05,5
1.39,38.38,0.7,17.97,1470.0,56.33,2.82,5
3.08,60.81,0.7,39.91,3265.0,76.28,3.81,5
2.56,53.88,0.7,33.12,2710.0,70.11,3.51,5
3.12,61.35,0.7,40.43,3308.0,76.76,3.84,5
1.21,35.95,0.7,15.6,1276.0,54.18,2.71,5
1.26,36.61,0.7,16.24,1329.0,54.77,2.74,5
1.62,41.4,0.7,20.92,1712.0,59.02,2.95,5
3.15,61.68,0.7,40.75,3334.0,77.04,3.85,5
2.44,52.29,0.7,31.57,2583.0,68.7,3.44,5
1.9,45.18,0.7,24.62,2014.0,62.38,3.12,5
2.21,49.29,0.7,28.64,2343.0,66.03,3.3,5
2.86,57.9,0.7,37.06,3032.0,73.69,3.68,5
3.07,60.68,0.7,39.77,3254.0,76.16,3.81,5
2.67,55.3,0.7,34.52,2824.0,71.38,3.57,5
2.94,58.98,0.7,38.11,3118.0,74.64,3.73,5
2.04,46.99,0.7,26.39,2159.0,63.99,3.2,5
1.53,40.23,0.7,19.78,1618.0,57.98,2.9,5
1.57,40.78,0.7,20.31,1662.0,58.47,2.92,5
2.43,52.1,0.7,31.39,2568.0,68.53,3.43,5
2.41,51.86,0.7,31.15,2549.0,68.32,3.42,5
2.56,53.9,0.7,33.15,2712.0,70.13,3.51,5
2.85,57.68,0.7,36.84,3014.0,73.49,3.67,5
2.56,53.84,0.7,33.09,2707.0,70.08,3.5,5
1.38,38.2,0.7,17.8,1456.0,56.18,2.81,5
1.93,45.55,0.7,24.98,2044.0,62.71,3.14,5
1.35,37.84,0.7,17.44,1427.0,55.86,2.79,5
1.94,45.66,0.7,25.09,2053.0,62.81,3.14,5
1.97,46.11,0.7,25.53,2089.0,63.21,3.16,5
1.81,44.0,0.7,23.47,1920.0,61.33,3.07,5
3.34,64.19,0.7,43.21,3535.0,79.28,3.96,5
2.49,52.91,0.7,32.18,2633.0,69.26,3.46,5
2.16,48.56,0.7,27.93,2285.0,65.39,3.27,5
3.03,60.06,0.7,39.17,3205.0,75.61,3.78,5
1.26,36.73,0.7,16.35,1338.0,54.87,2.74,5
1.67,42.09,0.7,21.6,1767.0,59.63,2.98,5
2.58,54.1,0.7,33.34,2728.0,70.31,3.52,5
3.19,62.18,0.7,41.24,3374.0,77.49,3.87,5
3.04,60.25,0.7,39.36,3220.0,75.78,3.79,5
1.95,45.79,0.7,25.21,2063.0,62.92,3.15,5
1.96,45.88,0.7,25.3,2070.0,63.0,3.15,5
1.46,39.39,0.7,18.96,1551.0,57.23,2.86,5
1.62,41.39,0.7,20.91,1711.0,59.01,2.95,5
2.1,47.76,0.7,27.15,2221.0,64.68,3.23,5
1.14,35.09,0.7,14.75,1207.0,53.41,2.67,5
2.55,53.8,0.7,33.05,2704.0,70.04,3.5,5
2.72,56.05,0.7,35.25,2884.0,72.04,3.6,5
3.25,63.03,0.7,42.07,3442.0,78.24,3.91,5
3.06,60.44,0.7,39.54,3235.0,75.94,3.8,5
2.72,55.98,0.7,35.18,2878.0,71.98,3.6,5
1.95,45.84,0.7,25.26,2067.0,62.97,3.15,5
2.21,49.31,0.7,28.66,2345.0,66.06,3.3,5
3.03,60.16,0.7,39.27,3213.0,75.7,3.79,5
2.92,58.6,0.7,37.74,3088.0,74.31,3.72,5
1.83,44.16,0.7,23.63,1933.0,61.48,3.07,5
3.13,61.44,0.7,40.52,3315.0,76.83,3.84,5
1.27,36.78,0.7,16.4,1342.0,54.91,2.75,5
1.16,35.33,0.7,14.98,1226.0,53.62,2.68,5
2.97,59.36,0.7,38.49,3149.0,74.99,3.75,5
3.13,61.36,0.7,40.44,3309.0,76.77,3.84,5
2.83,57.45,0.7,36.62,2996.0,73.29,3.66,5
2.7,55.76,0.7,34.97,2861.0,71.79,3.59,5
3.09,60.86,0.7,39.95,3269.0,76.32,3.82,5
1.99,46.34,0.7,25.75,2107.0,63.41,3.17,5
3.23,62.8,0.7,41.85,3424.0,78.04,3.9,5
1.22,36.19,0.7,15.83,1295.0,54.39,2.72,5
1.99,46.28,0.7,25.69,2102.0,63.36,3.17,5
1.48,39.63,0.7,19.19,1570.0,57.44,2.87,5
1.49,39.78,0.7,19.34,1582.0,57.58,2.88,5
2.2,49.11,0.7,28.47,2329.0,65.88,3.29,5
3.09,60.93,0.7,40.02,3274.0,76.38,3.82,5
2.91,58.45,0.7,37.6,3076.0,74.18,3.71,5
2.42,52.05,0.7,31.34,2564.0,68.49,3.42,5
1.14,35.1,0.7,14.76,1208.0,53.42,2.67,5
2.36,51.21,0.7,30.52,2497.0,67.74,3.39,5
1.28,36.94,0.7,16.56,1355.0,55.06,2.75,5
1.84,44.34,0.7,23.8,1947.0,61.63,3.08,5
2.25,49.78,0.7,29.11,2382.0,66.47,3.32,5
1.6,41.15,0.7,20.68,1692.0,58.8,2.94,5
1.38,38.3,0.7,17.89,1464.0,56.27,2.81,5
2.99,59.61,0.7,38.73,3169.0,75.21,3.76,5
1.81,43.9,0.7,23.37,1912.0,61.24,3.06,5
1.7,42.49,0.7,21.99,1799.0,59.99,3.0,5
2.81,57.21,0.7,36.39,2977.0,73.08,3.65,5
3.33,64.04,0.7,43.06,3523.0,79.14,3.96,5
1.86,44.63,0.7,24.08,1970.0,61.89,3.09,5
2.67,55.34,0.7,34.55,2827.0,71.41,3.57,5
1.2,35.9,0.7,15.55,1272.0,54.13,2.71,5
2.09,47.64,0.7,27.02,2211.0,64.57,3.23,5
2.71,55.81,0.7,35.02,2865.0,71.83,3.59,5
2.55,53.8,0.7,33.05,2704.0,70.04,3.5,5
3.23,62.79,0.7,41.84,3423.0,78.03,3.9,5
1.45,39.16,0.7,18.74,1533.0,57.03,2.85,5
1.76,43.26,0.7,22.75,1861.0,60.68,3.03,5
2.38,51.45,0.7,30.75,2516.0,67.96,3.4,5
2.71,55.81,0.7,35.02,2865.0,71.83,3.59,5
1.84,44.39,0.7,23.85,1951.0,61.68,3.08,5
1.69,42.36,0.7,21.87,1789.0,59.88,2.99,5
2.51,53.28,0.7,32.54,2662.0,69.58,3.48,5
1.29,37.05,0.7,16.67,1364.0,55.16,2.76,5
1.78,43.6,0.7,23.08,1888.0,60.98,3.05,5
2.77,56.7,0.7,35.88,2936.0,72.62,3.63,5
2.87,57.99,0.7,37.14,3039.0,73.77,3.69,5
2.56,53.89,0.7,33.13,2711.0,70.12,3.51,5
1.35,37.83,0.7,17.43,1426.0,55.84,2.79,5
1.94,45.71,0.7,25.14,2057.0,62.86,3.14,5
2.55,53.76,0.7,33.01,2701.0,70.01,3.5,5
2.6,54.4,0.7,33.64,2752.0,70.58,3.53,5
2.98,59.43,0.7,38.55,3154.0,75.04,3.75,5
3.02,59.94,0.7,39.05,3195.0,75.5,3.78,5
3.05,60.4,0.7,39.5,3232.0,75.91,3.8,5
1.38,38.28,0.7,17.87,1462.0,56.24,2.81,5
2.29,50.33,0.7,29.65,2426.0,66.96,3.35,5
1.79,43.65,0.7,23.12,1892.0,61.02,3.05,5
1.84,44.4,0.7,23.86,1952.0,61.69,3.08,5
2.2,49.08,0.7,28.43,2326.0,65.84,3.29,5
1.88,44.94,0.7,24.38,1995.0,62.17,3.11,5
2.37,51.34,0.7,30.64,2507.0,67.86,3.39,5
2.43,52.18,0.7,31.46,2574.0,68.6,3.43,5
2.52,53.36,0.7,32.62,2669.0,69.66,3.48,5
1.48,39.64,0.7,19.2,1571.0,57.46,2.87,5
2.52,53.4,0.7,32.66,2672.0,69.69,3.48,5
1.17,35.55,0.7,15.2,1244.0,53.82,2.69,5
3.14,61.56,0.7,40.64,3325.0,76.94,3.85,5
2.19,48.99,0.7,28.34,2319.0,65.77,3.29,5
2.98,59.41,0.7,38.54,3153.0,75.03,3.75,5
1.16,35.35,0.7,15.01,1228.0,53.64,2.68,5
2.23,49.53,0.7,28.87,2362.0,66.24,3.31,5
2.87,57.93,0.7,37.08,3034.0,73.71,3.69,5
3.03,60.1,0.7,39.21,3208.0,75.64,3.78,5
1.85,44.49,0.7,23.94,1959.0,61.77,3.09,5
1.54,40.34,0.7,19.89,1627.0,58.08,2.9,5
3.07,60.61,0.7,39.71,3249.0,76.1,3.81,5
2.85,57.71,0.7,36.87,3017.0,73.52,3.68,5
1.6,41.13,0.7,20.66,1690.0,58.78,2.94,5
3.08,60.76,0.7,39.86,3261.0,76.23,3.81,5
1.86,44.68,0.7,24.13,1974.0,61.93,3.1,5
3.25,62.99,0.7,42.03,3439.0,78.21,3.91,5
2.03,46.93,0.7,26.33,2154.0,63.93,3.2,5
2.99,59.53,0.7,38.65,3162.0,75.13,3.76,5
2.29,50.36,0.7,29.69,2429.0,66.99,3.35,5
1.62,41.4,0.7,20.92,1712.0,59.02,2.95,5
1.16,35.39,0.7,15.05,1231.0,53.68,2.68,5
2.78,56.75,0.7,35.93,2940.0,72.67,3.63,5
2.23,49.48,0.7,28.82,2358.0,66.2,3.31,5
2.63,54.86,0.7,34.09,2789.0,70.99,3.55,5
2.44,52.33,0.7,31.61,2586.0,68.73,3.44,5
2.5,53.09,0.7,32.35,2647.0,69.41,3.47,5
2.98,59.49,0.7,38.61,3159.0,75.1,3.76,5
2.47,52.63,0.7,31.9,2610.0,69.0,3.45,5
3.11,61.1,0.7,40.19,3288.0,76.53,3.83,5
3.13,61.38,0.7,40.46,3310.0,76.78,3.84,5
1.18,35.6,0.7,15.25,1248.0,53.87,2.69,5
1.15,35.21,0.7,14.87,1217.0,53.52,2.68,5
3.29,63.49,0.7,42.52,3479.0,78.66,3.93,5
2.35,51.05,0.7,30.36,2484.0,67.6,3.38,5
3.25,63.04,0.7,42.08,3443.0,78.26,3.91,5
3.36,64.44,0.7,43.45,3555.0,79.5,3.98,5
3.33,64.01,0.7,43.03,3521.0,79.12,3.96,5
2.57,53.95,0.7,33.2,2716.0,70.18,3.51,5
1.68,42.21,0.7,21.72,1777.0,59.74,2.99,5
3.04,60.26,0.7,39.37,3221.0,75.79,3.79,5
2.17,48.75,0.7,28.11,2300.0,65.56,3.28,5
3.3,63.7,0.7,42.73,3496.0,78.84,3.94,5
1.95,45.83,0.7,25.25,2066.0,62.96,3.15,5
2.63,54.79,0.7,34.01,2783.0,70.92,3.55,5
2.19,48.96,0.7,28.32,2317.0,65.74,3.29,5
1.56,40.7,0.7,20.24,1656.0,58.4,2.92,5
2.22,49.43,0.7,28.77,2354.0,66.16,3.31,5
3.27,63.25,0.7,42.29,3460.0,78.44,3.92,5
2.97,59.28,0.7,38.4,3142.0,74.91,3.75,5
1.51,39.93,0.7,19.48,1594.0,57.71,2.89,5
2.8,57.06,0.7,36.24,2965.0,72.94,3.65,5
1.63,41.51,0.7,21.03,1721.0,59.12,2.96,5
2.64,54.89,0.7,34.11,2791.0,71.01,3.55,5
3.23,62.8,0.7,41.85,3424.0,78.04,3.9,5
3.12,61.28,0.7,40.36,3302.0,76.69,3.83,5
1.54,40.43,0.7,19.97,1634.0,58.16,2.91,5
2.47,52.73,0.7,32.0,2618.0,69.09,3.45,5
2.21,49.19,0.7,28.54,2335.0,65.94,3.3,5
1.15,35.24,0.7,14.9,1219.0,53.54,2.68,5
1.73,42.91,0.7,22.4,1833.0,60.37,3.02,5
1.35,37.93,0.7,17.53,1434.0,55.93,2.8,5
2.5,53.11,0.7,32.38,2649.0,69.43,3.47,5
1.76,43.3,0.7,22.78,1864.0,60.71,3.04,5
2.2,49.08,0.7,28.43,2326.0,65.84,3.29,5
1.29,37.1,0.7,16.72,1368.0,55.2,2.76,5
1.54,40.38,0.7,19.92,1630.0,58.11,2.91,5
2.33,50.83,0.7,30.14,2466.0,67.4,3.37,5
1.17,35.49,0.7,15.14,1239.0,53.77,2.69,5
3.04,60.24,0.7,39.34,3219.0,75.77,3.79,5
3.01,59.78,0.7,38.89,3182.0,75.36,3.77,5
2.65,55.06,0.7,34.28,2805.0,71.17,3.56,5
3.34,64.21,0.7,43.23,3537.0,79.3,3.97,5
2.42,52.03,0.7,31.31,2562.0,68.47,3.42,5
2.62,54.61,0.7,33.84,2769.0,70.77,3.54,6
3.13,61.36,0.7,40.44,3309.0,76.77,3.84,6
2.25,49.78,0.7,29.11,2382.0,66.47,3.32,6
2.28,50.15,0.7,29.48,2412.0,66.8,3.34,6
1.26,36.71,0.7,16.34,1337.0,54.86,2.74,6
1.71,42.69,0.7,22.18,1815.0,60.17,3.01,6
2.5,53.05,0.7,32.32,2644.0,69.38,3.47,6
2.46,52.58,0.7,31.85,2606.0,68.96,3.45,6
2.73,56.16,0.7,35.36,2893.0,72.14,3.61,6
2.12,48.09,0.7,27.46,2247.0,64.97,3.25,6
2.32,50.71,0.7,30.03,2457.0,67.3,3.37,6
2.78,56.85,0.7,36.03,2948.0,72.76,3.64,6
2.84,57.59,0.7,36.75,3007.0,73.41,3.67,6
3.09,60.89,0.7,39.98,3271.0,76.34,3.82,6
2.68,55.43,0.7,34.64,2834.0,71.49,3.57,6
1.69,42.36,0.7,21.87,1789.0,59.88,2.99,6
1.36,38.04,0.7,17.64,1443.0,56.03,2.8,6
1.53,40.23,0.7,19.78,1618.0,57.98,2.9,6
1.76,43.34,0.7,22.82,1867.0,60.74,3.04,6
1.16,35.38,0.7,15.03,1230.0,53.67,2.68,6
1.18,35.6,0.7,15.25,1248.0,53.87,2.69,6
1.61,41.29,0.7,20.81,1703.0,58.92,2.95,6
1.19,35.79,0.7,15.44,1263.0,54.03,2.7,6
3.09,60.86,0.7,39.95,3269.0,76.32,3.82,6
1.65,41.84,0.7,21.35,1747.0,59.41,2.97,6
1.75,43.18,0.7,22.66,1854.0,60.6,3.03,6
3.19,62.26,0.7,41.32,3381.0,77.57,3.88,6
1.37,38.16,0.7,17.76,1453.0,56.14,2.81,6
2.17,48.71,0.7,28.07,2297.0,65.52,3.28,6
1.89,45.05,0.7,24.49,2004.0,62.27,3.11,6
1.41,38.6,0.7,18.19,1488.0,56.53,2.83,6
2.57,53.98,0.7,33.22,2718.0,70.2,3.51,6
2.65,55.05,0.7,34.27,2804.0,71.16,3.56,6
2.6,54.41,0.7,33.65,2753.0,70.59,3.53,6
2.72,56.05,0.7,35.25,2884.0,72.04,3.6,6
3.24,62.91,0.7,41.96,3433.0,78.14,3.91,6
1.31,37.4,0.7,17.01,1392.0,55.47,2.77,6
2.36,51.29,0.7,30.59,2503.0,67.81,3.39,6
2.14,48.3,0.7,27.67,2264.0,65.16,3.26,6
2.6,54.41,0.7,33.65,2753.0,70.59,3.53,6
1.64,41.76,0.7,21.28,1741.0,59.34,2.97,6
2.41,51.84,0.7,31.13,2547.0,68.3,3.42,6
2.21,49.25,0.7,28.6,2340.0,66.0,3.3,6
2.26,49.91,0.7,29.25,2393.0,66.59,3.33,6
2.05,47.15,0.7,26.55,2172.0,64.13,3.21,6
3.13,61.4,0.7,40.48,3312.0,76.8,3.84,6
3.13,61.48,0.7,40.55,3318.0,76.87,3.84,6
2.48,52.85,0.7,32.12,2628.0,69.2,3.46,6
3.21,62.49,0.7,41.54,3399.0,77.77,3.89,6
1.96,45.95,0.7,25.37,2076.0,63.07,3.15,6
1.51,40.01,0.7,19.57,1601.0,57.79,2.89,6
1.45,39.2,0.7,18.77,1536.0,57.07,2.85,6
1.2,35.91,0.7,15.56,1273.0,54.14,2.71,6
1.42,38.79,0.7,18.37,1503.0,56.7,2.84,6
2.41,51.85,0.7,31.14,2548.0,68.31,3.42,6
2.69,55.64,0.7,34.85,2851.0,71.68,3.58,6
2.01,46.54,0.7,25.95,2123.0,63.59,3.18,6
2.17,48.74,0.7,28.1,2299.0,65.54,3.28,6
3.26,63.13,0.7,42.17,3450.0,78.33,3.92,6
3.07,60.65,0.7,39.75,3252.0,76.13,3.81,6
1.19,35.69,0.7,15.34,1255.0,53.94,2.7,6
2.71,55.84,0.7,35.04,2867.0,71.86,3.59,6
2.01,46.61,0.7,26.02,2129.0,63.66,3.18,6
2.12,48.06,0.7,27.44,2245.0,64.94,3.25,6
1.3,37.24,0.7,16.85,1379.0,55.32,2.77,6
3.25,63.06,0.7,42.11,3445.0,78.28,3.91,6
2.92,58.61,0.7,37.75,3089.0,74.32,3.72,6
1.77,43.45,0.7,22.93,1876.0,60.84,3.04,6
2.66,55.25,0.7,34.47,2820.0,71.33,3.57,6
1.51,39.99,0.7,19.54,1599.0,57.77,2.89,6
2.26,49.85,0.7,29.19,2388.0,66.53,3.33,6
1.65,41.85,0.7,21.36,1748.0,59.42,2.97,6
1.18,35.63,0.7,15.28,1250.0,53.89,2.69,6
1.81,43.93,0.7,23.39,1914.0,61.27,3.06,6
3.11,61.14,0.7,40.22,3291.0,76.57,3.83,6
2.17,48.73,0.7,28.09,2298.0,65.53,3.28,6
2.27,50.1,0.7,29.43,2408.0,66.76,3.34,6
1.61,41.34,0.7,20.86,1707.0,58.97,2.95,6
1.28,36.89,0.7,16.51,1351.0,55.01,2.75,6
1.17,35.54,0.7,15.19,1243.0,53.81,2.69,6
1.68,42.25,0.7,21.76,1780.0,59.78,2.99,6
2.15,48.51,0.7,27.88,2281.0,65.34,3.27,6
2.79,56.96,0.7,36.14,2957.0,72.86,3.64,6
2.45,52.45,0.7,31.73,2596.0,68.84,3.44,6
1.97,46.11,0.7,25.53,2089.0,63.21,3.16,6
2.24,49.66,0.7,29.0,2373.0,66.37,3.32,6
2.96,59.18,0.7,38.3,3134.0,74.82,3.74,6
2.58,54.19,0.7,33.43,2735.0,70.39,3.52,6
2.31,50.51,0.7,29.83,2441.0,67.12,3.36,6
2.54,53.59,0.7,32.84,2687.0,69.86,3.49,6
1.9,45.13,0.7,24.57,2010.0,62.33,3.12,6
3.24,62.84,0.7,41.89,3427.0,78.08,3.9,6
2.6,54.46,0.7,33.7,2757.0,70.63,3.53,6
1.24,36.35,0.7,15.99,1308.0,54.53,2.73,6
3.08,60.71,0.7,39.81,3257.0,76.19,3.81,6
1.6,41.13,0.7,20.66,1690.0,58.78,2.94,6
3.26,63.14,0.7,42.18,3451.0,78.34,3.92,6
1.47,39.51,0.7,19.08,1561.0,57.34,2.87,6
3.23,62.73,0.7,41.78,3418.0,77.98,3.9,6
2.62,54.7,0.7,33.93,2776.0,70.84,3.54,6
1.46,39.31,0.7,18.88,1545.0,57.17,2.86,6
2.88,58.1,0.7,37.25,3048.0,73.87,3.69,6
1.52,40.11,0.7,19.67,1609.0,57.88,2.89,6
3.34,64.19,0.7,43.21,3535.0,79.28,3.96,6
2.45,52.41,0.7,31.69,2593.0,68.81,3.44,6
2.7,55.71,0.7,34.92,2857.0,71.74,3.59,6
2.56,53.85,0.7,33.1,2708.0,70.09,3.5,6
3.34,64.16,0.7,43.18,3533.0,79.26,3.96,6
1.38,38.28,0.7,17.87,1462.0,56.24,2.81,6
1.52,40.08,0.7,19.63,1606.0,57.84,2.89,6
2.24,49.66,0.7,29.0,2373.0,66.37,3.32,6
2.84,57.58,0.7,36.74,3006.0,73.4,3.67,6
1.98,46.18,0.7,25.59,2094.0,63.27,3.16,6
3.12,61.3,0.7,40.38,3304.0,76.71,3.84,6
2.44,52.24,0.7,31.52,2579.0,68.66,3.43,6
1.83,44.28,0.7,23.74,1942.0,61.58,3.08,6
2.72,56.05,0.7,35.25,2884.0,72.04,3.6,6
3.23,62.8,0.7,41.85,3424.0,78.04,3.9,6
3.0,59.76,0.7,38.88,3181.0,75.34,3.77,6
1.71,42.69,0.7,22.18,1815.0,60.17,3.01,6
3.36,64.44,0.7,43.45,3555.0,79.5,3.98,6
2.13,48.15,0.7,27.52,2252.0,65.02,3.25,6
3.3,63.64,0.7,42.67,3491.0,78.79,3.94,6
3.07,60.6,0.7,39.7,3248.0,76.09,3.8,6
2.84,57.55,0.7,36.72,3004.0,73.38,3.67,6
1.52,40.14,0.7,19.69,1611.0,57.9,2.9,6
2.58,54.11,0.7,33.35,2729.0,70.32,3.52,6
2.33,50.89,0.7,30.2,2471.0,67.46,3.37,6
2.79,56.98,0.7,36.15,2958.0,72.87,3.64,6
1.8,43.78,0.7,23.25,1902.0,61.13,3.06,6
2.19,49.0,0.7,28.36,2320.0,65.78,3.29,6
2.83,57.41,0.7,36.58,2993.0,73.26,3.66,6
1.54,40.34,0.7,19.89,1627.0,58.08,2.9,6
2.02,46.76,0.7,26.17,2141.0,63.79,3.19,6
3.15,61.74,0.7,40.81,3339.0,77.1,3.86,6
2.0,46.51,0.7,25.92,2121.0,63.57,3.18,6
1.78,43.6,0.7,23.08,1888.0,60.98,3.05,6
2.67,55.28,0.7,34.49,2822.0,71.36,3.57,6
2.76,56.53,0.7,35.71,2922.0,72.47,3.62,6
2.29,50.36,0.7,29.69,2429.0,66.99,3.35,6
2.87,58.03,0.7,37.18,3042.0,73.8,3.69,6
1.78,43.55,0.7,23.03,1884.0,60.93,3.05,6
2.76,56.58,0.7,35.76,2926.0,72.51,3.63,6
1.58,40.89,0.7,20.42,1671.0,58.57,2.93,6
1.36,38.04,0.7,17.64,1443.0,56.03,2.8,6
3.19,62.19,0.7,41.25,3375.0,77.5,3.88,6
3.26,63.2,0.7,42.24,3456.0,78.4,3.92,6
1.61,41.3,0.7,20.83,1704.0,58.93,2.95,6
1.57,40.75,0.7,20.29,1660.0,58.44,2.92,6
1.23,36.24,0.7,15.88,1299.0,54.43,2.72,6
2.0,46.53,0.7,25.94,2122.0,63.58,3.18,6
2.36,51.25,0.7,30.56,2500.0,67.78,3.39,6
1.7,42.5,0.7,22.0,1800.0,60.0,3.0,6
1.69,42.41,0.7,21.91,1793.0,59.92,3.0,6
1.3,37.15,0.7,16.77,1372.0,55.24,2.76,6
1.29,37.1,0.7,16.72,1368.0,55.2,2.76,6
1.99,46.36,0.7,25.78,2109.0,63.43,3.17,6
2.3,50.48,0.7,29.8,2438.0,67.09,3.35,6
2.25,49.79,0.7,29.13,2383.0,66.48,3.32,6
1.84,44.3,0.7,23.76,1944.0,61.6,3.08,6
1.85,44.51,0.7,23.97,1961.0,61.79,3.09,6
1.28,36.88,0.7,16.5,1350.0,55.0,2.75,6
2.37,51.31,0.7,30.62,2505.0,67.83,3.39,6
2.71,55.84,0.7,35.04,2867.0,71.86,3.59,6
2.45,52.45,0.7,31.73,2596.0,68.84,3.44,6
1.39,38.45,0.7,18.04,1476.0,56.4,2.82,6
1.95,45.85,0.7,25.28,2068.0,62.98,3.15,6
1.79,43.65,0.7,23.12,1892.0,61.02,3.05,6
3.34,64.19,0.7,43.21,3535.0,79.28,3.96,6
2.16,48.58,0.7,27.94,2286.0,65.4,3.27,6
2.72,56.0,0.7,35.2,2880.0,72.0,3.6,6
2.15,48.4,0.7,27.77,2272.0,65.24,3.26,6
1.82,44.08,0.7,23.54,1926.0,61.4,3.07,6
3.34,64.16,0.7,43.18,3533.0,79.26,3.96,6
2.26,49.86,0.7,29.2,2389.0,66.54,3.33,6
2.36,51.2,0.7,30.51,2496.0,67.73,3.39,6
1.91,45.31,0.7,24.75,2025.0,62.5,3.13,6
3.2,62.39,0.7,41.45,3391.0,77.68,3.88,6
1.53,40.2,0.7,19.75,1616.0,57.96,2.9,6
1.73,42.91,0.7,22.4,1833.0,60.37,3.02,6
1.94,45.73,0.7,25.15,2058.0,62.87,3.14,6
2.35,51.1,0.7,30.41,2488.0,67.64,3.38,6
1.27,36.86,0.7,16.49,1349.0,54.99,2.75,6
1.96,45.98,0.7,25.4,2078.0,63.09,3.15,6
1.22,36.11,0.7,15.75,1289.0,54.32,2.72,6
2.47,52.63,0.7,31.9,2610.0,69.0,3.45,6
1.52,40.14,0.7,19.69,1611.0,57.9,2.9,6
2.71,55.81,0.7,35.02,2865.0,71.83,3.59,6
3.33,64.03,0.7,43.05,3522.0,79.13,3.96,6
1.6,41.13,0.7,20.66,1690.0,58.78,2.94,6
2.75,56.36,0.7,35.55,2909.0,72.32,3.62,6
2.07,47.43,0.7,26.82,2194.0,64.38,3.22,6
2.49,52.98,0.7,32.24,2638.0,69.31,3.47,6
2.66,55.24,0.7,34.45,2819.0,71.32,3.57,6
2.92,58.69,0.7,37.83,3095.0,74.39,3.72,6
1.21,35.99,0.7,15.63,1279.0,54.21,2.71,6
2.76,56.55,0.7,35.74,2924.0,72.49,3.62,6
2.95,59.06,0.7,38.19,3125.0,74.72,3.74,6
1.81,43.9,0.7,23.37,1912.0,61.24,3.06,6
2.0,46.48,0.7,25.89,2118.0,63.53,3.18,6
1.7,42.51,0.7,22.01,1801.0,60.01,3.0,6
2.3,50.39,0.7,29.71,2431.0,67.01,3.35,6
2.85,57.75,0.7,36.91,3020.0,73.56,3.68,6
2.59,54.23,0.7,33.46,2738.0,70.42,3.52,6
1.47,39.41,0.7,18.98,1553.0,57.26,2.86,6
2.28,50.13,0.7,29.46,2410.0,66.78,3.34,6
3.3,63.65,0.7,42.68,3492.0,78.8,3.94,6
1.69,42.41,0.7,21.91,1793.0,59.92,3.0,6
2.3,50.44,0.7,29.76,2435.0,67.06,3.35,6
2.89,58.31,0.7,37.46,3065.0,74.06,3.7,6
1.46,39.33,0.7,18.9,1546.0,57.18,2.86,6
1.35,37.93,0.7,17.53,1434.0,55.93,2.8,6
1.41,38.65,0.7,18.24,1492.0,56.58,2.83,6
1.38,38.2,0.7,17.8,1456.0,56.18,2.81,6
1.68,42.19,0.7,21.69,1775.0,59.72,2.99,6
3.03,60.13,0.7,39.23,3210.0,75.67,3.78,6
2.44,52.31,0.7,31.59,2585.0,68.72,3.44,6
3.3,63.63,0.7,42.66,3490.0,78.78,3.94,6
1.2,35.83,0.7,15.47,1266.0,54.07,2.7,6
2.72,56.05,0.7,35.25,2884.0,72.04,3.6,6
1.47,39.44,0.7,19.01,1555.0,57.28,2.86,6
2.33,50.89,0.7,30.2,2471.0,67.46,3.37,6
2.99,59.64,0.7,38.76,3171.0,75.23,3.76,6
2.03,46.9,0.7,26.3,2152.0,63.91,3.2,6
1.94,45.66,0.7,25.09,2053.0,62.81,3.14,6
2.67,55.34,0.7,34.55,2827.0,71.41,3.57,6
3.34,64.19,0.7,43.21,3535.0,79.28,3.96,6
2.97,59.31,0.7,38.44,3145.0,74.94,3.75,6
3.2,62.38,0.7,41.43,3390.0,77.67,3.88,6
1.51,39.99,0.7,19.54,1599.0,57.77,2.89,6
1.29,37.03,0.7,16.65,1362.0,55.13,2.76,6
1.99,46.38,0.7,25.79,2110.0,63.44,3.17,6
1.53,40.24,0.7,19.79,1619.0,57.99,2.9,6
1.9,45.18,0.7,24.62,2014.0,62.38,3.12,6
1.4,38.48,0.7,18.06,1478.0,56.42,2.82,6
2.6,54.41,0.7,33.65,2753.0,70.59,3.53,6
1.5,39.89,0.7,19.45,1591.0,57.68,2.88,6
1.97,46.11,0.7,25.53,2089.0,63.21,3.16,6
2.22,49.41,0.7,28.76,2353.0,66.14,3.31,6
1.98,46.26,0.7,25.68,2101.0,63.34,3.17,6
2.04,46.95,0.7,26.35,2156.0,63.96,3.2,6
1.34,37.69,0.7,17.29,1415.0,55.72,2.79,6
2.53,53.49,0.7,32.74,2679.0,69.77,3.49,6
3.17,62.01,0.7,41.08,3361.0,77.34,3.87,6
2.52,53.36,0.7,32.62,2669.0,69.66,3.48,6
3.02,59.94,0.7,39.05,3195.0,75.5,3.78,6
3.2,62.39,0.7,41.45,3391.0,77.68,3.88,6
2.21,49.21,0.7,28.56,2337.0,65.97,3.3,6
1.39,38.46,0.7,18.05,1477.0,56.41,2.82,6
1.97,46.14,0.7,25.56,2091.0,63.23,3.16,7
2.6,54.36,0.7,33.6,2749.0,70.54,3.53,7
2.12,48.01,0.7,27.39,2241.0,64.9,3.25,7
1.13,35.01,0.7,14.68,1201.0,53.34,2.67,7
1.91,45.25,0.7,24.69,2020.0,62.44,3.12,7
3.17,62.01,0.7,41.08,3361.0,77.34,3.87,7
3.09,60.85,0.7,39.94,3268.0,76.31,3.82,7
2.73,56.09,0.7,35.29,2887.0,72.08,3.6,7
2.8,57.06,0.7,36.24,2965.0,72.94,3.65,7
2.38,51.44,0.7,30.74,2515.0,67.94,3.4,7
1.85,44.55,0.7,24.0,1964.0,61.82,3.09,7
2.07,47.45,0.7,26.84,2196.0,64.4,3.22,7
3.2,62.34,0.7,41.4,3387.0,77.63,3.88,7
2.11,47.86,0.7,27.24,2229.0,64.77,3.24,7
3.11,61.13,0.7,40.21,3290.0,76.56,3.83,7
1.22,36.15,0.7,15.79,1292.0,54.36,2.72,7
1.51,40.04,0.7,19.59,1603.0,57.81,2.89,7
1.16,35.33,0.7,14.98,1226.0,53.62,2.68,7
1.31,37.39,0.7,17.0,1391.0,55.46,2.77,7
1.41,38.63,0.7,18.21,1490.0,56.56,2.83,7
2.69,55.64,0.7,34.85,2851.0,71.68,3.58,7
1.77,43.39,0.7,22.87,1871.0,60.79,3.04,7
1.54,40.33,0.7,19.87,1626.0,58.07,2.9,7
1.78,43.55,0.7,23.03,1884.0,60.93,3.05,7
2.34,50.93,0.7,30.24,2474.0,67.49,3.37,7
3.25,63.04,0.7,42.08,3443.0,78.26,3.91,7
2.67,55.35,0.7,34.56,2828.0,71.42,3.57,7
1.5,39.84,0.7,19.4,1587.0,57.63,2.88,7
2.02,46.73,0.7,26.13,2138.0,63.76,3.19,7
3.15,61.66,0.7,40.74,3333.0,77.03,3.85,7
2.65,55.09,0.7,34.31,2807.0,71.19,3.56,7
1.28,36.91,0.7,16.54,1353.0,55.03,2.75,7
2.98,59.5,0.7,38.62,3160.0,75.11,3.76,7
3.06,60.48,0.7,39.58,3238.0,75.98,3.8,7
1.9,45.1,0.7,24.54,2008.0,62.31,3.12,7
1.91,45.34,0.7,24.77,2027.0,62.52,3.13,7
1.62,41.43,0.7,20.95,1714.0,59.04,2.95,7
2.86,57.88,0.7,37.03,3030.0,73.67,3.68,7
2.6,54.39,0.7,33.62,2751.0,70.57,3.53,7
2.81,57.14,0.7,36.31,2971.0,73.01,3.65,7
3.28,63.36,0.7,42.4,3469.0,78.54,3.93,7
2.48,52.83,0.7,32.1,2626.0,69.18,3.46,7
2.31,50.51,0.7,29.83,2441.0,67.12,3.36,7
2.57,54.06,0.7,33.31,2725.0,70.28,3.51,7
1.26,36.71,0.7,16.34,1337.0,54.86,2.74,7
2.92,58.59,0.7,37.73,3087.0,74.3,3.72,7
1.2,35.86,0.7,15.51,1269.0,54.1,2.71,7
1.24,36.45,0.7,16.08,1316.0,54.62,2.73,7
2.38,51.44,0.7,30.74,2515.0,67.94,3.4,7
1.4,38.49,0.7,18.08,1479.0,56.43,2.82,7
2.06,47.28,0.7,26.67,2182.0,64.24,3.21,7
1.45,39.2,0.7,18.77,1536.0,57.07,2.85,7
3.09,60.89,0.7,39.98,3271.0,76.34,3.82,7
1.59,40.99,0.7,20.52,1679.0,58.66,2.93,7
1.91,45.3,0.7,24.74,2024.0,62.49,3.12,7
1.46,39.38,0.7,18.94,1550.0,57.22,2.86,7
2.83,57.44,0.7,36.61,2995.0,73.28,3.66,7
1.93,45.49,0.7,24.92,2039.0,62.66,3.13,7
3.2,62.36,0.7,41.42,3389.0,77.66,3.88,7
3.18,62.09,0.7,41.15,3367.0,77.41,3.87,7
1.98,46.2,0.7,25.62,2096.0,63.29,3.16,7
2.26,49.91,0.7,29.25,2393.0,66.59,3.33,7
1.51,39.96,0.7,19.52,1597.0,57.74,2.89,7
2.02,46.79,0.7,26.19,2143.0,63.81,3.19,7
2.42,52.03,0.7,31.31,2562.0,68.47,3.42,7
2.67,55.34,0.7,34.55,2827.0,71.41,3.57,7
2.79,56.9,0.7,36.08,2952.0,72.8,3.64,7
2.56,53.89,0.7,33.13,2711.0,70.12,3.51,7
2.87,58.03,0.7,37.18,3042.0,73.8,3.69,7
2.09,47.73,0.7,27.11,2218.0,64.64,3.23,7
3.15,61.63,0.7,40.7,3330.0,77.0,3.85,7
1.15,35.25,0.7,14.91,1220.0,53.56,2.68,7
2.08,47.54,0.7,26.93,2203.0,64.48,3.22,7
2.29,50.28,0.7,29.6,2422.0,66.91,3.35,7
1.25,36.49,0.7,16.12,1319.0,54.66,2.73,7
1.54,40.41,0.7,19.96,1633.0,58.14,2.91,7
2.31,50.63,0.7,29.94,2450.0,67.22,3.36,7
2.83,57.4,0.7,36.57,2992.0,73.24,3.66,7
2.53,53.54,0.7,32.79,2683.0,69.81,3.49,7
2.29,50.33,0.7,29.65,2426.0,66.96,3.35,7
1.55,40.55,0.7,20.09,1644.0,58.27,2.91,7
3.1,61.0,0.7,40.09,3280.0,76.44,3.82,7
3.14,61.51,0.7,40.59,3321.0,76.9,3.85,7
2.39,51.63,0.7,30.92,2530.0,68.11,3.41,7
1.8,43.84,0.7,23.31,1907.0,61.19,3.06,7
3.21,62.46,0.7,41.52,3397.0,77.74,3.89,7
2.36,51.2,0.7,30.51,2496.0,67.73,3.39,7
3.32,63.89,0.7,42.91,3511.0,79.01,3.95,7
1.68,42.19,0.7,21.69,1775.0,59.72,2.99,7
2.61,54.56,0.7,33.79,2765.0,70.72,3.54,7
3.34,64.24,0.7,43.25,3539.0,79.32,3.97,7
1.87,44.74,0.7,24.19,1979.0,61.99,3.1,7
3.22,62.61,0.7,41.67,3409.0,77.88,3.89,7
1.89,45.0,0.7,24.44,2000.0,62.22,3.11,7
2.86,57.86,0.7,37.02,3029.0,73.66,3.68,7
3.03,60.11,0.7,39.22,3209.0,75.66,3.78,7
2.92,58.61,0.7,37.75,3089.0,74.32,3.72,7
3.22,62.61,0.7,41.67,3409.0,77.88,3.89,7
3.33,64.05,0.7,43.07,3524.0,79.16,3.96,7
1.56,40.61,0.7,20.15,1649.0,58.32,2.92,7
1.76,43.31,0.7,22.79,1865.0,60.72,3.04,7
1.42,38.84,0.7,18.42,1507.0,56.74,2.84,7
2.64,54.88,0.7,34.1,2790.0,71.0,3.55,7
2.95,59.03,0.7,38.16,3122.0,74.69,3.73,7
1.92,45.39,0.7,24.82,2031.0,62.57,3.13,7
1.75,43.19,0.7,22.67,1855.0,60.61,3.03,7
2.73,56.18,0.7,35.37,2894.0,72.16,3.61,7
1.82,44.11,0.7,23.58,1929.0,61.43,3.07,7
1.15,35.16,0.7,14.83,1213.0,53.48,2.67,7
2.07,47.4,0.7,26.79,2192.0,64.36,3.22,7
1.52,40.06,0.7,19.62,1605.0,57.83,2.89,7
2.03,46.86,0.7,26.27,2149.0,63.88,3.19,7
2.32,50.74,0.7,30.05,2459.0,67.32,3.37,7
2.79,56.94,0.7,36.12,2955.0,72.83,3.64,7
3.28,63.41,0.7,42.45,3473.0,78.59,3.93,7
2.86,57.85,0.7,37.01,3028.0,73.64,3.68,7
2.07,47.38,0.7,26.77,2190.0,64.33,3.22,7
3.25,62.96,0.7,42.01,3437.0,78.19,3.91,7
2.44,52.34,0.7,31.62,2587.0,68.74,3.44,7
2.86,57.85,0.7,37.01,3028.0,73.64,3.68,7
1.79,43.74,0.7,23.21,1899.0,61.1,3.06,7
1.27,36.85,0.7,16.48,1348.0,54.98,2.75,7
1.2,35.94,0.7,15.58,1275.0,54.17,2.71,7
1.84,44.35,0.7,23.81,1948.0,61.64,3.08,7
1.36,37.99,0.7,17.59,1439.0,55.99,2.8,7
2.92,58.63,0.7,37.77,3090.0,74.33,3.72,7
2.33,50.85,0.7,30.16,2468.0,67.42,3.37,7
1.78,43.6,0.7,23.08,1888.0,60.98,3.05,7
1.17,35.5,0.7,15.16,1240.0,53.78,2.69,7
3.35,64.34,0.7,43.35,3547.0,79.41,3.97,7
1.92,45.4,0.7,24.84,2032.0,62.58,3.13,7
2.9,58.34,0.7,37.49,3067.0,74.08,3.7,7
1.48,39.59,0.7,19.15,1567.0,57.41,2.87,7
1.49,39.78,0.7,19.34,1582.0,57.58,2.88,7
1.26,36.61,0.7,16.24,1329.0,54.77,2.74,7
1.62,41.46,0.7,20.99,1717.0,59.08,2.95,7
2.65,55.14,0.7,34.36,2811.0,71.23,3.56,7
2.98,59.43,0.7,38.55,3154.0,75.04,3.75,7
1.17,35.48,0.7,15.13,1238.0,53.76,2.69,7
1.48,39.64,0.7,19.2,1571.0,57.46,2.87,7
2.5,53.08,0.7,32.34,2646.0,69.4,3.47,7
1.55,40.51,0.7,20.06,1641.0,58.23,2.91,7
3.12,61.33,0.7,40.41,3306.0,76.73,3.84,7
1.6,41.19,0.7,20.72,1695.0,58.83,2.94,7
2.22,49.43,0.7,28.77,2354.0,66.16,3.31,7
2.71,55.88,0.7,35.08,2870.0,71.89,3.59,7
1.97,46.11,0.7,25.53,2089.0,63.21,3.16,7
3.24,62.93,0.7,41.97,3434.0,78.16,3.91,7
3.0,59.68,0.7,38.79,3174.0,75.27,3.76,7
2.52,53.36,0.7,32.62,2669.0,69.66,3.48,7
1.73,42.86,0.7,22.35,1829.0,60.32,3.02,7
1.92,45.44,0.7,24.87,2035.0,62.61,3.13,7
2.38,51.53,0.7,30.82,2522.0,68.02,3.4,7
2.23,49.58,0.7,28.92,2366.0,66.29,3.31,7
2.39,51.68,0.7,30.97,2534.0,68.16,3.41,7
1.41,38.66,0.7,18.25,1493.0,56.59,2.83,7
2.05,47.14,0.7,26.53,2171.0,64.12,3.21,7
1.17,35.51,0.7,15.17,1241.0,53.79,2.69,7
1.19,35.78,0.7,15.42,1262.0,54.02,2.7,7
2.63,54.85,0.7,34.08,2788.0,70.98,3.55,7
1.54,40.43,0.7,19.97,1634.0,58.16,2.91,7
1.59,41.01,0.7,20.55,1681.0,58.68,2.93,7
3.26,63.16,0.7,42.2,3453.0,78.37,3.92,7
1.36,37.99,0.7,17.59,1439.0,55.99,2.8,7
1.93,45.53,0.7,24.96,2042.0,62.69,3.13,7
1.3,37.25,0.7,16.87,1380.0,55.33,2.77,7
3.03,60.08,0.7,39.18,3206.0,75.62,3.78,7
3.22,62.66,0.7,41.71,3413.0,77.92,3.9,7
2.37,51.43,0.7,30.73,2514.0,67.93,3.4,7
2.91,58.46,0.7,37.61,3077.0,74.19,3.71,7
3.12,61.31,0.7,40.39,3305.0,76.72,3.84,7
1.53,40.23,0.7,19.78,1618.0,57.98,2.9,7
3.17,61.96,0.7,41.03,3357.0,77.3,3.87,7
1.25,36.59,0.7,16.22,1327.0,54.74,2.74,7
1.49,39.78,0.7,19.34,1582.0,57.58,2.88,7
1.85,44.48,0.7,23.93,1958.0,61.76,3.09,7
3.11,61.14,0.7,40.22,3291.0,76.57,3.83,7
2.69,55.61,0.7,34.82,2849.0,71.66,3.58,7
1.27,36.84,0.7,16.46,1347.0,54.97,2.75,7
2.52,53.29,0.7,32.55,2663.0,69.59,3.48,7
3.11,61.19,0.7,40.27,3295.0,76.61,3.83,7
2.28,50.2,0.7,29.53,2416.0,66.84,3.34,7
2.04,46.94,0.7,26.34,2155.0,63.94,3.2,7
1.19,35.74,0.7,15.39,1259.0,53.99,2.7,7
1.21,36.0,0.7,15.64,1280.0,54.22,2.71,7
2.72,55.99,0.7,35.19,2879.0,71.99,3.6,7
